evento_id,evento,data_inicial,data_final,data_abertura,id_chamado
1,Rock in Rio,2022-09-02,2022-09-04,2022-09-02,17658238
1,Rock in Rio,2022-09-02,2022-09-04,2022-09-02,17658242
1,Rock in Rio,2022-09-02,2022-09-04,2022-09-02,17658243
1,Rock in Rio,2022-09-02,2022-09-04,2022-09-02,17658249
1,Rock in Rio,2022-09-02,2022-09-04,2022-09-02,17658250
1,Rock in Rio,2022-09-02,2022-09-04,2022-09-02,17658251
1,Rock in Rio,2022-09-02,2022-09-04,2022-09-02,17658252
1,Rock in Rio,2022-09-02,2022-09-04,2022-09-02,17658253
1,Rock in Rio,2022-09-02,2022-09-04,2022-09-02,17658254
1,Rock in Rio,2022-09-02,2022-09-04,2022-09-02,17658255
1,Rock in Rio,2022-09-02,2022-09-04,2022-09-02,17658256
1,Rock in Rio,2022-09-02,2022-09-04,2022-09-02,17658257
1,Rock in Rio,2022-09-02,2022-09-04,2022-09-02,17658258
1,Rock in Rio,2022-09-02,2022-09-04,2022-09-02,17658259
1,Rock in Rio,2022-09-02,2022-09-04,2022-09-02,17658260
1,Rock in Rio,2022-09-02,2022-09-04,2022-09-02,17658261
1,Rock in Rio,2022-09-02,2022-09-04,2022-09-02,17658267
1,Rock in Rio,2022-09-02,2022-09-04,2022-09-02,17658268
1,Rock in Rio,2022-09-02,2022-09-04,2022-09-02,17658272
1,Rock in Rio,2022-09-02,2022-09-04,2022-09-02,17658273
1,Rock in Rio,2022-09-02,2022-09-04,2022-09-02,17658280
1,Rock in Rio,2022-09-02,2022-09-04,2022-09-02,17658281
1,Rock in Rio,2022-09-02,2022-09-04,2022-09-02,17658284
1,Rock in Rio,2022-09-02,2022-09-04,2022-09-02,17658291
1,Rock in Rio,2022-09-02,2022-09-04,2022-09-02,17658297
1,Rock in Rio,2022-09-02,2022-09-04,2022-09-02,17658371
1,Rock in Rio,2022-09-02,2022-09-04,2022-09-02,17658374
1,Rock in Rio,2022-09-02,2022-09-04,2022-09-02,17658447
1,Rock in Rio,2022-09-02,2022-09-04,2022-09-02,17658529
1,Rock in Rio,2022-09-02,2022-09-04,2022-09-02,17658711
1,Rock in Rio,2022-09-02,2022-09-04,2022-09-02,17658718
1,Rock in Rio,2022-09-02,2022-09-04,2022-09-02,17658720
1,Rock in Rio,2022-09-02,2022-09-04,2022-09-02,17658725
1,Rock in Rio,2022-09-02,2022-09-04,2022-09-02,17658734
1,Rock in Rio,2022-09-02,2022-09-04,2022-09-02,17658835
1,Rock in Rio,2022-09-02,2022-09-04,2022-09-02,17658841
1,Rock in Rio,2022-09-02,2022-09-04,2022-09-02,17658846
1,Rock in Rio,2022-09-02,2022-09-04,2022-09-02,17658942
1,Rock in Rio,2022-09-02,2022-09-04,2022-09-02,17658949
1,Rock in Rio,2022-09-02,2022-09-04,2022-09-02,17659076
1,Rock in Rio,2022-09-02,2022-09-04,2022-09-02,17659216
1,Rock in Rio,2022-09-02,2022-09-04,2022-09-02,17659248
1,Rock in Rio,2022-09-02,2022-09-04,2022-09-02,17659324
1,Rock in Rio,2022-09-02,2022-09-04,2022-09-02,17659426
1,Rock in Rio,2022-09-02,2022-09-04,2022-09-02,17659450
1,Rock in Rio,2022-09-02,2022-09-04,2022-09-02,17659505
1,Rock in Rio,2022-09-02,2022-09-04,2022-09-02,17659517
1,Rock in Rio,2022-09-02,2022-09-04,2022-09-02,17659670
1,Rock in Rio,2022-09-02,2022-09-04,2022-09-02,17659671
1,Rock in Rio,2022-09-02,2022-09-04,2022-09-02,17659765
1,Rock in Rio,2022-09-02,2022-09-04,2022-09-02,17659781
1,Rock in Rio,2022-09-02,2022-09-04,2022-09-02,17659874
1,Rock in Rio,2022-09-02,2022-09-04,2022-09-02,17659904
1,Rock in Rio,2022-09-02,2022-09-04,2022-09-02,17660030
1,Rock in Rio,2022-09-02,2022-09-04,2022-09-02,17660052
1,Rock in Rio,2022-09-02,2022-09-04,2022-09-02,17660292
1,Rock in Rio,2022-09-02,2022-09-04,2022-09-02,17660721
1,Rock in Rio,2022-09-02,2022-09-04,2022-09-02,17660794
1,Rock in Rio,2022-09-02,2022-09-04,2022-09-02,17660930
1,Rock in Rio,2022-09-02,2022-09-04,2022-09-02,17661025
1,Rock in Rio,2022-09-02,2022-09-04,2022-09-02,17661050
1,Rock in Rio,2022-09-02,2022-09-04,2022-09-02,17661222
1,Rock in Rio,2022-09-02,2022-09-04,2022-09-02,17661257
1,Rock in Rio,2022-09-02,2022-09-04,2022-09-02,17661303
1,Rock in Rio,2022-09-02,2022-09-04,2022-09-02,17661310
1,Rock in Rio,2022-09-02,2022-09-04,2022-09-02,17661335
1,Rock in Rio,2022-09-02,2022-09-04,2022-09-02,17661375
1,Rock in Rio,2022-09-02,2022-09-04,2022-09-02,17661383
1,Rock in Rio,2022-09-02,2022-09-04,2022-09-02,17661407
1,Rock in Rio,2022-09-02,2022-09-04,2022-09-02,17661436
1,Rock in Rio,2022-09-02,2022-09-04,2022-09-02,17661458
1,Rock in Rio,2022-09-02,2022-09-04,2022-09-02,17661509
1,Rock in Rio,2022-09-02,2022-09-04,2022-09-02,17661535
1,Rock in Rio,2022-09-02,2022-09-04,2022-09-02,17661560
1,Rock in Rio,2022-09-02,2022-09-04,2022-09-02,17661569
1,Rock in Rio,2022-09-02,2022-09-04,2022-09-02,17661581
1,Rock in Rio,2022-09-02,2022-09-04,2022-09-02,17661604
1,Rock in Rio,2022-09-02,2022-09-04,2022-09-02,17661605
1,Rock in Rio,2022-09-02,2022-09-04,2022-09-02,17661610
1,Rock in Rio,2022-09-02,2022-09-04,2022-09-02,17661629
1,Rock in Rio,2022-09-02,2022-09-04,2022-09-02,17661639
1,Rock in Rio,2022-09-02,2022-09-04,2022-09-02,17661642
1,Rock in Rio,2022-09-02,2022-09-04,2022-09-02,17661644
1,Rock in Rio,2022-09-02,2022-09-04,2022-09-02,17661662
1,Rock in Rio,2022-09-02,2022-09-04,2022-09-02,17661669
1,Rock in Rio,2022-09-02,2022-09-04,2022-09-02,17661670
1,Rock in Rio,2022-09-02,2022-09-04,2022-09-02,17661683
1,Rock in Rio,2022-09-02,2022-09-04,2022-09-02,17661685
1,Rock in Rio,2022-09-02,2022-09-04,2022-09-02,17661687
1,Rock in Rio,2022-09-02,2022-09-04,2022-09-02,17661695
1,Rock in Rio,2022-09-02,2022-09-04,2022-09-02,17661698
1,Rock in Rio,2022-09-02,2022-09-04,2022-09-02,17661702
1,Rock in Rio,2022-09-02,2022-09-04,2022-09-02,17661706
1,Rock in Rio,2022-09-02,2022-09-04,2022-09-02,17661720
1,Rock in Rio,2022-09-02,2022-09-04,2022-09-02,17661721
1,Rock in Rio,2022-09-02,2022-09-04,2022-09-02,17661726
1,Rock in Rio,2022-09-02,2022-09-04,2022-09-02,17661728
1,Rock in Rio,2022-09-02,2022-09-04,2022-09-02,17661729
1,Rock in Rio,2022-09-02,2022-09-04,2022-09-02,17661731
1,Rock in Rio,2022-09-02,2022-09-04,2022-09-02,17661732
1,Rock in Rio,2022-09-02,2022-09-04,2022-09-02,17661738
1,Rock in Rio,2022-09-02,2022-09-04,2022-09-02,17661740
1,Rock in Rio,2022-09-02,2022-09-04,2022-09-02,17661742
1,Rock in Rio,2022-09-02,2022-09-04,2022-09-02,17661746
1,Rock in Rio,2022-09-02,2022-09-04,2022-09-02,17661754
1,Rock in Rio,2022-09-02,2022-09-04,2022-09-02,17661757
1,Rock in Rio,2022-09-02,2022-09-04,2022-09-03,17661764
1,Rock in Rio,2022-09-02,2022-09-04,2022-09-03,17661765
1,Rock in Rio,2022-09-02,2022-09-04,2022-09-03,17661771
1,Rock in Rio,2022-09-02,2022-09-04,2022-09-03,17661772
1,Rock in Rio,2022-09-02,2022-09-04,2022-09-03,17661778
1,Rock in Rio,2022-09-02,2022-09-04,2022-09-03,17661785
1,Rock in Rio,2022-09-02,2022-09-04,2022-09-03,17661786
1,Rock in Rio,2022-09-02,2022-09-04,2022-09-03,17661789
1,Rock in Rio,2022-09-02,2022-09-04,2022-09-03,17661792
1,Rock in Rio,2022-09-02,2022-09-04,2022-09-03,17661793
1,Rock in Rio,2022-09-02,2022-09-04,2022-09-03,17661796
1,Rock in Rio,2022-09-02,2022-09-04,2022-09-03,17661798
1,Rock in Rio,2022-09-02,2022-09-04,2022-09-03,17661803
1,Rock in Rio,2022-09-02,2022-09-04,2022-09-03,17661805
1,Rock in Rio,2022-09-02,2022-09-04,2022-09-03,17661807
1,Rock in Rio,2022-09-02,2022-09-04,2022-09-03,17661810
1,Rock in Rio,2022-09-02,2022-09-04,2022-09-03,17661811
1,Rock in Rio,2022-09-02,2022-09-04,2022-09-03,17661812
1,Rock in Rio,2022-09-02,2022-09-04,2022-09-03,17661814
1,Rock in Rio,2022-09-02,2022-09-04,2022-09-03,17661816
1,Rock in Rio,2022-09-02,2022-09-04,2022-09-03,17661817
1,Rock in Rio,2022-09-02,2022-09-04,2022-09-03,17661818
1,Rock in Rio,2022-09-02,2022-09-04,2022-09-03,17661820
1,Rock in Rio,2022-09-02,2022-09-04,2022-09-03,17661821
1,Rock in Rio,2022-09-02,2022-09-04,2022-09-03,17661822
1,Rock in Rio,2022-09-02,2022-09-04,2022-09-03,17661823
1,Rock in Rio,2022-09-02,2022-09-04,2022-09-03,17661824
1,Rock in Rio,2022-09-02,2022-09-04,2022-09-03,17661829
1,Rock in Rio,2022-09-02,2022-09-04,2022-09-03,17661830
1,Rock in Rio,2022-09-02,2022-09-04,2022-09-03,17661832
1,Rock in Rio,2022-09-02,2022-09-04,2022-09-03,17661834
1,Rock in Rio,2022-09-02,2022-09-04,2022-09-03,17661838
1,Rock in Rio,2022-09-02,2022-09-04,2022-09-03,17661842
1,Rock in Rio,2022-09-02,2022-09-04,2022-09-03,17661846
1,Rock in Rio,2022-09-02,2022-09-04,2022-09-03,17661847
1,Rock in Rio,2022-09-02,2022-09-04,2022-09-03,17661848
1,Rock in Rio,2022-09-02,2022-09-04,2022-09-03,17661858
1,Rock in Rio,2022-09-02,2022-09-04,2022-09-03,17661861
1,Rock in Rio,2022-09-02,2022-09-04,2022-09-03,17661865
1,Rock in Rio,2022-09-02,2022-09-04,2022-09-03,17661866
1,Rock in Rio,2022-09-02,2022-09-04,2022-09-03,17661867
1,Rock in Rio,2022-09-02,2022-09-04,2022-09-03,17661873
1,Rock in Rio,2022-09-02,2022-09-04,2022-09-03,17661874
1,Rock in Rio,2022-09-02,2022-09-04,2022-09-03,17661875
1,Rock in Rio,2022-09-02,2022-09-04,2022-09-03,17661876
1,Rock in Rio,2022-09-02,2022-09-04,2022-09-03,17661877
1,Rock in Rio,2022-09-02,2022-09-04,2022-09-03,17661878
1,Rock in Rio,2022-09-02,2022-09-04,2022-09-03,17661879
1,Rock in Rio,2022-09-02,2022-09-04,2022-09-03,17661947
1,Rock in Rio,2022-09-02,2022-09-04,2022-09-03,17661995
1,Rock in Rio,2022-09-02,2022-09-04,2022-09-03,17662028
1,Rock in Rio,2022-09-02,2022-09-04,2022-09-03,17662067
1,Rock in Rio,2022-09-02,2022-09-04,2022-09-03,17662083
1,Rock in Rio,2022-09-02,2022-09-04,2022-09-03,17662147
1,Rock in Rio,2022-09-02,2022-09-04,2022-09-03,17662212
1,Rock in Rio,2022-09-02,2022-09-04,2022-09-03,17662235
1,Rock in Rio,2022-09-02,2022-09-04,2022-09-03,17662396
1,Rock in Rio,2022-09-02,2022-09-04,2022-09-03,17662441
1,Rock in Rio,2022-09-02,2022-09-04,2022-09-03,17662646
1,Rock in Rio,2022-09-02,2022-09-04,2022-09-03,17662692
1,Rock in Rio,2022-09-02,2022-09-04,2022-09-03,17662705
1,Rock in Rio,2022-09-02,2022-09-04,2022-09-03,17662760
1,Rock in Rio,2022-09-02,2022-09-04,2022-09-03,17662798
1,Rock in Rio,2022-09-02,2022-09-04,2022-09-03,17662854
1,Rock in Rio,2022-09-02,2022-09-04,2022-09-03,17662922
1,Rock in Rio,2022-09-02,2022-09-04,2022-09-03,17663005
1,Rock in Rio,2022-09-02,2022-09-04,2022-09-03,17663056
1,Rock in Rio,2022-09-02,2022-09-04,2022-09-03,17663072
1,Rock in Rio,2022-09-02,2022-09-04,2022-09-03,17663103
1,Rock in Rio,2022-09-02,2022-09-04,2022-09-03,17663135
1,Rock in Rio,2022-09-02,2022-09-04,2022-09-03,17663144
1,Rock in Rio,2022-09-02,2022-09-04,2022-09-03,17663160
1,Rock in Rio,2022-09-02,2022-09-04,2022-09-03,17663177
1,Rock in Rio,2022-09-02,2022-09-04,2022-09-03,17663184
1,Rock in Rio,2022-09-02,2022-09-04,2022-09-03,17663196
1,Rock in Rio,2022-09-02,2022-09-04,2022-09-03,17663220
1,Rock in Rio,2022-09-02,2022-09-04,2022-09-03,17663234
1,Rock in Rio,2022-09-02,2022-09-04,2022-09-03,17663235
1,Rock in Rio,2022-09-02,2022-09-04,2022-09-03,17663247
1,Rock in Rio,2022-09-02,2022-09-04,2022-09-03,17663268
1,Rock in Rio,2022-09-02,2022-09-04,2022-09-03,17663280
1,Rock in Rio,2022-09-02,2022-09-04,2022-09-03,17663288
1,Rock in Rio,2022-09-02,2022-09-04,2022-09-03,17663290
1,Rock in Rio,2022-09-02,2022-09-04,2022-09-03,17663295
1,Rock in Rio,2022-09-02,2022-09-04,2022-09-03,17663297
1,Rock in Rio,2022-09-02,2022-09-04,2022-09-03,17663298
1,Rock in Rio,2022-09-02,2022-09-04,2022-09-03,17663310
1,Rock in Rio,2022-09-02,2022-09-04,2022-09-03,17663335
1,Rock in Rio,2022-09-02,2022-09-04,2022-09-03,17663336
1,Rock in Rio,2022-09-02,2022-09-04,2022-09-03,17663337
1,Rock in Rio,2022-09-02,2022-09-04,2022-09-03,17663342
1,Rock in Rio,2022-09-02,2022-09-04,2022-09-03,17663353
1,Rock in Rio,2022-09-02,2022-09-04,2022-09-03,17663373
1,Rock in Rio,2022-09-02,2022-09-04,2022-09-03,17663377
1,Rock in Rio,2022-09-02,2022-09-04,2022-09-03,17663389
1,Rock in Rio,2022-09-02,2022-09-04,2022-09-03,17663393
1,Rock in Rio,2022-09-02,2022-09-04,2022-09-03,17663408
1,Rock in Rio,2022-09-02,2022-09-04,2022-09-03,17663409
1,Rock in Rio,2022-09-02,2022-09-04,2022-09-03,17663410
1,Rock in Rio,2022-09-02,2022-09-04,2022-09-03,17663413
1,Rock in Rio,2022-09-02,2022-09-04,2022-09-03,17663441
1,Rock in Rio,2022-09-02,2022-09-04,2022-09-03,17663442
1,Rock in Rio,2022-09-02,2022-09-04,2022-09-03,17663444
1,Rock in Rio,2022-09-02,2022-09-04,2022-09-03,17663445
1,Rock in Rio,2022-09-02,2022-09-04,2022-09-03,17663446
1,Rock in Rio,2022-09-02,2022-09-04,2022-09-03,17663447
1,Rock in Rio,2022-09-02,2022-09-04,2022-09-03,17663449
1,Rock in Rio,2022-09-02,2022-09-04,2022-09-03,17663454
1,Rock in Rio,2022-09-02,2022-09-04,2022-09-03,17663459
1,Rock in Rio,2022-09-02,2022-09-04,2022-09-03,17663464
1,Rock in Rio,2022-09-02,2022-09-04,2022-09-03,17663465
1,Rock in Rio,2022-09-02,2022-09-04,2022-09-03,17663468
1,Rock in Rio,2022-09-02,2022-09-04,2022-09-03,17663471
1,Rock in Rio,2022-09-02,2022-09-04,2022-09-03,17663478
1,Rock in Rio,2022-09-02,2022-09-04,2022-09-03,17663480
1,Rock in Rio,2022-09-02,2022-09-04,2022-09-03,17663487
1,Rock in Rio,2022-09-02,2022-09-04,2022-09-03,17663489
1,Rock in Rio,2022-09-02,2022-09-04,2022-09-03,17663491
1,Rock in Rio,2022-09-02,2022-09-04,2022-09-03,17663495
1,Rock in Rio,2022-09-02,2022-09-04,2022-09-03,17663496
1,Rock in Rio,2022-09-02,2022-09-04,2022-09-03,17663499
1,Rock in Rio,2022-09-02,2022-09-04,2022-09-03,17663500
1,Rock in Rio,2022-09-02,2022-09-04,2022-09-03,17663508
1,Rock in Rio,2022-09-02,2022-09-04,2022-09-03,17663511
1,Rock in Rio,2022-09-02,2022-09-04,2022-09-03,17663514
1,Rock in Rio,2022-09-02,2022-09-04,2022-09-03,17663518
1,Rock in Rio,2022-09-02,2022-09-04,2022-09-04,17663520
1,Rock in Rio,2022-09-02,2022-09-04,2022-09-04,17663521
1,Rock in Rio,2022-09-02,2022-09-04,2022-09-04,17663522
1,Rock in Rio,2022-09-02,2022-09-04,2022-09-04,17663523
1,Rock in Rio,2022-09-02,2022-09-04,2022-09-04,17663526
1,Rock in Rio,2022-09-02,2022-09-04,2022-09-04,17663527
1,Rock in Rio,2022-09-02,2022-09-04,2022-09-04,17663528
1,Rock in Rio,2022-09-02,2022-09-04,2022-09-04,17663531
1,Rock in Rio,2022-09-02,2022-09-04,2022-09-04,17663535
1,Rock in Rio,2022-09-02,2022-09-04,2022-09-04,17663537
1,Rock in Rio,2022-09-02,2022-09-04,2022-09-04,17663539
1,Rock in Rio,2022-09-02,2022-09-04,2022-09-04,17663542
1,Rock in Rio,2022-09-02,2022-09-04,2022-09-04,17663543
1,Rock in Rio,2022-09-02,2022-09-04,2022-09-04,17663544
1,Rock in Rio,2022-09-02,2022-09-04,2022-09-04,17663555
1,Rock in Rio,2022-09-02,2022-09-04,2022-09-04,17663557
1,Rock in Rio,2022-09-02,2022-09-04,2022-09-04,17663559
1,Rock in Rio,2022-09-02,2022-09-04,2022-09-04,17663560
1,Rock in Rio,2022-09-02,2022-09-04,2022-09-04,17663563
1,Rock in Rio,2022-09-02,2022-09-04,2022-09-04,17663564
1,Rock in Rio,2022-09-02,2022-09-04,2022-09-04,17663566
1,Rock in Rio,2022-09-02,2022-09-04,2022-09-04,17663567
1,Rock in Rio,2022-09-02,2022-09-04,2022-09-04,17663568
1,Rock in Rio,2022-09-02,2022-09-04,2022-09-04,17663569
1,Rock in Rio,2022-09-02,2022-09-04,2022-09-04,17663570
1,Rock in Rio,2022-09-02,2022-09-04,2022-09-04,17663575
1,Rock in Rio,2022-09-02,2022-09-04,2022-09-04,17663582
1,Rock in Rio,2022-09-02,2022-09-04,2022-09-04,17663584
1,Rock in Rio,2022-09-02,2022-09-04,2022-09-04,17663589
1,Rock in Rio,2022-09-02,2022-09-04,2022-09-04,17663590
1,Rock in Rio,2022-09-02,2022-09-04,2022-09-04,17663632
1,Rock in Rio,2022-09-02,2022-09-04,2022-09-04,17663652
1,Rock in Rio,2022-09-02,2022-09-04,2022-09-04,17663657
1,Rock in Rio,2022-09-02,2022-09-04,2022-09-04,17663771
1,Rock in Rio,2022-09-02,2022-09-04,2022-09-04,17663788
1,Rock in Rio,2022-09-02,2022-09-04,2022-09-04,17663847
1,Rock in Rio,2022-09-02,2022-09-04,2022-09-04,17663914
1,Rock in Rio,2022-09-02,2022-09-04,2022-09-04,17663948
1,Rock in Rio,2022-09-02,2022-09-04,2022-09-04,17663995
1,Rock in Rio,2022-09-02,2022-09-04,2022-09-04,17664019
1,Rock in Rio,2022-09-02,2022-09-04,2022-09-04,17664027
1,Rock in Rio,2022-09-02,2022-09-04,2022-09-04,17664041
1,Rock in Rio,2022-09-02,2022-09-04,2022-09-04,17664048
1,Rock in Rio,2022-09-02,2022-09-04,2022-09-04,17664058
1,Rock in Rio,2022-09-02,2022-09-04,2022-09-04,17664064
1,Rock in Rio,2022-09-02,2022-09-04,2022-09-04,17664073
1,Rock in Rio,2022-09-02,2022-09-04,2022-09-04,17664096
1,Rock in Rio,2022-09-02,2022-09-04,2022-09-04,17664116
1,Rock in Rio,2022-09-02,2022-09-04,2022-09-04,17664120
1,Rock in Rio,2022-09-02,2022-09-04,2022-09-04,17664136
1,Rock in Rio,2022-09-02,2022-09-04,2022-09-04,17664138
1,Rock in Rio,2022-09-02,2022-09-04,2022-09-04,17664139
1,Rock in Rio,2022-09-02,2022-09-04,2022-09-04,17664142
1,Rock in Rio,2022-09-02,2022-09-04,2022-09-04,17664150
1,Rock in Rio,2022-09-02,2022-09-04,2022-09-04,17664159
1,Rock in Rio,2022-09-02,2022-09-04,2022-09-04,17664177
1,Rock in Rio,2022-09-02,2022-09-04,2022-09-04,17664211
1,Rock in Rio,2022-09-02,2022-09-04,2022-09-04,17664228
1,Rock in Rio,2022-09-02,2022-09-04,2022-09-04,17664234
1,Rock in Rio,2022-09-02,2022-09-04,2022-09-04,17664241
1,Rock in Rio,2022-09-02,2022-09-04,2022-09-04,17664244
1,Rock in Rio,2022-09-02,2022-09-04,2022-09-04,17664250
1,Rock in Rio,2022-09-02,2022-09-04,2022-09-04,17664253
1,Rock in Rio,2022-09-02,2022-09-04,2022-09-04,17664263
1,Rock in Rio,2022-09-02,2022-09-04,2022-09-04,17664297
1,Rock in Rio,2022-09-02,2022-09-04,2022-09-04,17664318
1,Rock in Rio,2022-09-02,2022-09-04,2022-09-04,17664349
1,Rock in Rio,2022-09-02,2022-09-04,2022-09-04,17664353
1,Rock in Rio,2022-09-02,2022-09-04,2022-09-04,17664375
1,Rock in Rio,2022-09-02,2022-09-04,2022-09-04,17664435
1,Rock in Rio,2022-09-02,2022-09-04,2022-09-04,17664450
1,Rock in Rio,2022-09-02,2022-09-04,2022-09-04,17664461
1,Rock in Rio,2022-09-02,2022-09-04,2022-09-04,17664465
1,Rock in Rio,2022-09-02,2022-09-04,2022-09-04,17664472
1,Rock in Rio,2022-09-02,2022-09-04,2022-09-04,17664478
1,Rock in Rio,2022-09-02,2022-09-04,2022-09-04,17664479
1,Rock in Rio,2022-09-02,2022-09-04,2022-09-04,17664483
1,Rock in Rio,2022-09-02,2022-09-04,2022-09-04,17664485
1,Rock in Rio,2022-09-02,2022-09-04,2022-09-04,17664490
1,Rock in Rio,2022-09-02,2022-09-04,2022-09-04,17664493
1,Rock in Rio,2022-09-02,2022-09-04,2022-09-04,17664502
1,Rock in Rio,2022-09-02,2022-09-04,2022-09-04,17664506
1,Rock in Rio,2022-09-02,2022-09-04,2022-09-04,17664508
1,Rock in Rio,2022-09-02,2022-09-04,2022-09-04,17664511
1,Rock in Rio,2022-09-02,2022-09-04,2022-09-04,17664518
1,Rock in Rio,2022-09-02,2022-09-04,2022-09-04,17664520
1,Rock in Rio,2022-09-02,2022-09-04,2022-09-04,17664521
1,Rock in Rio,2022-09-02,2022-09-04,2022-09-04,17664522
1,Rock in Rio,2022-09-02,2022-09-04,2022-09-04,17664528
1,Rock in Rio,2022-09-02,2022-09-04,2022-09-04,17664544
1,Rock in Rio,2022-09-02,2022-09-04,2022-09-04,17664551
1,Rock in Rio,2022-09-02,2022-09-04,2022-09-04,17664552
1,Rock in Rio,2022-09-02,2022-09-04,2022-09-04,17664553
1,Rock in Rio,2022-09-02,2022-09-04,2022-09-04,17664556
1,Rock in Rio,2022-09-02,2022-09-04,2022-09-04,17664557
1,Rock in Rio,2022-09-02,2022-09-04,2022-09-04,17664558
1,Rock in Rio,2022-09-02,2022-09-04,2022-09-04,17664560
1,Rock in Rio,2022-09-02,2022-09-04,2022-09-04,17664564
1,Rock in Rio,2022-09-02,2022-09-04,2022-09-04,17664566
1,Rock in Rio,2022-09-02,2022-09-04,2022-09-04,17664568
1,Rock in Rio,2022-09-02,2022-09-04,2022-09-04,17664569
1,Rock in Rio,2022-09-02,2022-09-04,2022-09-04,17664570
1,Rock in Rio,2022-09-02,2022-09-04,2022-09-04,17664571
1,Rock in Rio,2022-09-02,2022-09-04,2022-09-04,17664573
1,Rock in Rio,2022-09-02,2022-09-04,2022-09-04,17664575
1,Rock in Rio,2022-09-02,2022-09-04,2022-09-04,17664578
1,Rock in Rio,2022-09-02,2022-09-04,2022-09-04,17664581
1,Rock in Rio,2022-09-02,2022-09-04,2022-09-04,17664583
1,Rock in Rio,2022-09-02,2022-09-04,2022-09-04,17664588
1,Rock in Rio,2022-09-02,2022-09-04,2022-09-04,17664591
1,Rock in Rio,2022-09-02,2022-09-04,2022-09-04,17664592
1,Rock in Rio,2022-09-02,2022-09-04,2022-09-04,17664594
1,Rock in Rio,2022-09-02,2022-09-04,2022-09-04,17664598
1,Rock in Rio,2022-09-02,2022-09-04,2022-09-04,17664599
1,Rock in Rio,2022-09-02,2022-09-04,2022-09-04,17664616
1,Rock in Rio,2022-09-02,2022-09-04,2022-09-04,17664626
1,Rock in Rio,2022-09-02,2022-09-04,2022-09-04,17664629
1,Rock in Rio,2022-09-02,2022-09-04,2022-09-04,17664630
1,Rock in Rio,2022-09-02,2022-09-04,2022-09-04,17664632
1,Rock in Rio,2022-09-02,2022-09-04,2022-09-04,17664633
1,Rock in Rio,2022-09-02,2022-09-04,2022-09-04,17664634
1,Rock in Rio,2022-09-02,2022-09-04,2022-09-04,17664636
1,Rock in Rio,2022-09-02,2022-09-04,2022-09-04,17664637
1,Rock in Rio,2022-09-02,2022-09-04,2022-09-04,17664639
1,Rock in Rio,2022-09-02,2022-09-04,2022-09-04,17664640
1,Rock in Rio,2022-09-02,2022-09-04,2022-09-04,17664641
1,Rock in Rio,2022-09-02,2022-09-04,2022-09-04,17664643
1,Rock in Rio,2022-09-02,2022-09-04,2022-09-04,17664644
1,Rock in Rio,2022-09-02,2022-09-04,2022-09-04,17664646
1,Rock in Rio,2022-09-02,2022-09-04,2022-09-04,17664647
1,Rock in Rio,2022-09-02,2022-09-04,2022-09-04,17664648
1,Rock in Rio,2022-09-02,2022-09-04,2022-09-04,17664649
1,Rock in Rio,2022-09-02,2022-09-04,2022-09-04,17664650
1,Rock in Rio,2022-09-02,2022-09-04,2022-09-04,17664651
1,Rock in Rio,2022-09-02,2022-09-04,2022-09-04,17664652
1,Rock in Rio,2022-09-02,2022-09-04,2022-09-04,17664654
1,Rock in Rio,2022-09-02,2022-09-04,2022-09-04,17664656
1,Rock in Rio,2022-09-02,2022-09-04,2022-09-04,17664657
1,Rock in Rio,2022-09-02,2022-09-04,2022-09-04,17664661
1,Rock in Rio,2022-09-02,2022-09-04,2022-09-04,17664662
1,Rock in Rio,2022-09-02,2022-09-04,2022-09-04,17664664
1,Rock in Rio,2022-09-02,2022-09-04,2022-09-04,17664665
1,Rock in Rio,2022-09-02,2022-09-04,2022-09-04,17664666
1,Rock in Rio,2022-09-02,2022-09-04,2022-09-04,17664667
1,Rock in Rio,2022-09-02,2022-09-04,2022-09-04,17664668
1,Rock in Rio,2022-09-02,2022-09-04,2022-09-04,17664669
1,Rock in Rio,2022-09-02,2022-09-04,2022-09-04,17664673
1,Rock in Rio,2022-09-02,2022-09-04,2022-09-04,17664674
1,Rock in Rio,2022-09-02,2022-09-04,2022-09-04,17664675
1,Rock in Rio,2022-09-02,2022-09-04,2022-09-04,17664677
1,Rock in Rio,2022-09-02,2022-09-04,2022-09-04,17664678
1,Rock in Rio,2022-09-02,2022-09-04,2022-09-04,17664679
1,Rock in Rio,2022-09-02,2022-09-04,2022-09-04,17664680
1,Rock in Rio,2022-09-02,2022-09-04,2022-09-04,17664681
1,Rock in Rio,2022-09-02,2022-09-04,2022-09-04,17664683
1,Rock in Rio,2022-09-02,2022-09-04,2022-09-04,17664684
1,Rock in Rio,2022-09-02,2022-09-04,2022-09-04,17664685
1,Rock in Rio,2022-09-02,2022-09-04,2022-09-04,17664689
1,Rock in Rio,2022-09-02,2022-09-04,2022-09-04,17664690
1,Rock in Rio,2022-09-02,2022-09-04,2022-09-04,17664691
1,Rock in Rio,2022-09-02,2022-09-04,2022-09-04,17664705
1,Rock in Rio,2022-09-02,2022-09-04,2022-09-04,17664707
1,Rock in Rio,2022-09-02,2022-09-04,2022-09-04,17664710
1,Rock in Rio,2022-09-02,2022-09-04,2022-09-04,17664711
2,Rock in Rio,2022-09-08,2022-09-11,2022-09-08,17674555
2,Rock in Rio,2022-09-08,2022-09-11,2022-09-08,17674556
2,Rock in Rio,2022-09-08,2022-09-11,2022-09-08,17674557
2,Rock in Rio,2022-09-08,2022-09-11,2022-09-08,17674558
2,Rock in Rio,2022-09-08,2022-09-11,2022-09-08,17674559
2,Rock in Rio,2022-09-08,2022-09-11,2022-09-08,17674560
2,Rock in Rio,2022-09-08,2022-09-11,2022-09-08,17674562
2,Rock in Rio,2022-09-08,2022-09-11,2022-09-08,17674563
2,Rock in Rio,2022-09-08,2022-09-11,2022-09-08,17674569
2,Rock in Rio,2022-09-08,2022-09-11,2022-09-08,17674570
2,Rock in Rio,2022-09-08,2022-09-11,2022-09-08,17674571
2,Rock in Rio,2022-09-08,2022-09-11,2022-09-08,17674572
2,Rock in Rio,2022-09-08,2022-09-11,2022-09-08,17674585
2,Rock in Rio,2022-09-08,2022-09-11,2022-09-08,17674592
2,Rock in Rio,2022-09-08,2022-09-11,2022-09-08,17674600
2,Rock in Rio,2022-09-08,2022-09-11,2022-09-08,17674604
2,Rock in Rio,2022-09-08,2022-09-11,2022-09-08,17674606
2,Rock in Rio,2022-09-08,2022-09-11,2022-09-08,17674607
2,Rock in Rio,2022-09-08,2022-09-11,2022-09-08,17674608
2,Rock in Rio,2022-09-08,2022-09-11,2022-09-08,17674645
2,Rock in Rio,2022-09-08,2022-09-11,2022-09-08,17674656
2,Rock in Rio,2022-09-08,2022-09-11,2022-09-08,17674700
2,Rock in Rio,2022-09-08,2022-09-11,2022-09-08,17674858
2,Rock in Rio,2022-09-08,2022-09-11,2022-09-08,17674906
2,Rock in Rio,2022-09-08,2022-09-11,2022-09-08,17675105
2,Rock in Rio,2022-09-08,2022-09-11,2022-09-08,17675138
2,Rock in Rio,2022-09-08,2022-09-11,2022-09-08,17675226
2,Rock in Rio,2022-09-08,2022-09-11,2022-09-08,17675233
2,Rock in Rio,2022-09-08,2022-09-11,2022-09-08,17675523
2,Rock in Rio,2022-09-08,2022-09-11,2022-09-08,17675564
2,Rock in Rio,2022-09-08,2022-09-11,2022-09-08,17675595
2,Rock in Rio,2022-09-08,2022-09-11,2022-09-08,17675597
2,Rock in Rio,2022-09-08,2022-09-11,2022-09-08,17675599
2,Rock in Rio,2022-09-08,2022-09-11,2022-09-08,17675607
2,Rock in Rio,2022-09-08,2022-09-11,2022-09-08,17675609
2,Rock in Rio,2022-09-08,2022-09-11,2022-09-08,17675613
2,Rock in Rio,2022-09-08,2022-09-11,2022-09-08,17675616
2,Rock in Rio,2022-09-08,2022-09-11,2022-09-08,17675658
2,Rock in Rio,2022-09-08,2022-09-11,2022-09-08,17675685
2,Rock in Rio,2022-09-08,2022-09-11,2022-09-08,17675718
2,Rock in Rio,2022-09-08,2022-09-11,2022-09-08,17675769
2,Rock in Rio,2022-09-08,2022-09-11,2022-09-08,17675864
2,Rock in Rio,2022-09-08,2022-09-11,2022-09-08,17675927
2,Rock in Rio,2022-09-08,2022-09-11,2022-09-08,17676021
2,Rock in Rio,2022-09-08,2022-09-11,2022-09-08,17676107
2,Rock in Rio,2022-09-08,2022-09-11,2022-09-08,17676419
2,Rock in Rio,2022-09-08,2022-09-11,2022-09-08,17676449
2,Rock in Rio,2022-09-08,2022-09-11,2022-09-08,17676599
2,Rock in Rio,2022-09-08,2022-09-11,2022-09-08,17676664
2,Rock in Rio,2022-09-08,2022-09-11,2022-09-08,17676722
2,Rock in Rio,2022-09-08,2022-09-11,2022-09-08,17676859
2,Rock in Rio,2022-09-08,2022-09-11,2022-09-08,17677244
2,Rock in Rio,2022-09-08,2022-09-11,2022-09-08,17677555
2,Rock in Rio,2022-09-08,2022-09-11,2022-09-08,17677617
2,Rock in Rio,2022-09-08,2022-09-11,2022-09-08,17677705
2,Rock in Rio,2022-09-08,2022-09-11,2022-09-08,17677726
2,Rock in Rio,2022-09-08,2022-09-11,2022-09-08,17677761
2,Rock in Rio,2022-09-08,2022-09-11,2022-09-08,17677827
2,Rock in Rio,2022-09-08,2022-09-11,2022-09-08,17677832
2,Rock in Rio,2022-09-08,2022-09-11,2022-09-08,17677970
2,Rock in Rio,2022-09-08,2022-09-11,2022-09-08,17677997
2,Rock in Rio,2022-09-08,2022-09-11,2022-09-08,17678002
2,Rock in Rio,2022-09-08,2022-09-11,2022-09-08,17678035
2,Rock in Rio,2022-09-08,2022-09-11,2022-09-08,17678169
2,Rock in Rio,2022-09-08,2022-09-11,2022-09-08,17678174
2,Rock in Rio,2022-09-08,2022-09-11,2022-09-08,17678180
2,Rock in Rio,2022-09-08,2022-09-11,2022-09-08,17678186
2,Rock in Rio,2022-09-08,2022-09-11,2022-09-08,17678197
2,Rock in Rio,2022-09-08,2022-09-11,2022-09-08,17678200
2,Rock in Rio,2022-09-08,2022-09-11,2022-09-08,17678214
2,Rock in Rio,2022-09-08,2022-09-11,2022-09-08,17678280
2,Rock in Rio,2022-09-08,2022-09-11,2022-09-08,17678285
2,Rock in Rio,2022-09-08,2022-09-11,2022-09-08,17678408
2,Rock in Rio,2022-09-08,2022-09-11,2022-09-08,17678426
2,Rock in Rio,2022-09-08,2022-09-11,2022-09-08,17678445
2,Rock in Rio,2022-09-08,2022-09-11,2022-09-08,17678478
2,Rock in Rio,2022-09-08,2022-09-11,2022-09-08,17678482
2,Rock in Rio,2022-09-08,2022-09-11,2022-09-08,17678497
2,Rock in Rio,2022-09-08,2022-09-11,2022-09-08,17678499
2,Rock in Rio,2022-09-08,2022-09-11,2022-09-08,17678501
2,Rock in Rio,2022-09-08,2022-09-11,2022-09-08,17678512
2,Rock in Rio,2022-09-08,2022-09-11,2022-09-08,17678519
2,Rock in Rio,2022-09-08,2022-09-11,2022-09-08,17678530
2,Rock in Rio,2022-09-08,2022-09-11,2022-09-08,17678532
2,Rock in Rio,2022-09-08,2022-09-11,2022-09-08,17678535
2,Rock in Rio,2022-09-08,2022-09-11,2022-09-08,17678541
2,Rock in Rio,2022-09-08,2022-09-11,2022-09-08,17678546
2,Rock in Rio,2022-09-08,2022-09-11,2022-09-08,17678557
2,Rock in Rio,2022-09-08,2022-09-11,2022-09-08,17678562
2,Rock in Rio,2022-09-08,2022-09-11,2022-09-08,17678575
2,Rock in Rio,2022-09-08,2022-09-11,2022-09-08,17678578
2,Rock in Rio,2022-09-08,2022-09-11,2022-09-09,17678587
2,Rock in Rio,2022-09-08,2022-09-11,2022-09-09,17678615
2,Rock in Rio,2022-09-08,2022-09-11,2022-09-09,17678617
2,Rock in Rio,2022-09-08,2022-09-11,2022-09-09,17678618
2,Rock in Rio,2022-09-08,2022-09-11,2022-09-09,17678619
2,Rock in Rio,2022-09-08,2022-09-11,2022-09-09,17678630
2,Rock in Rio,2022-09-08,2022-09-11,2022-09-09,17678633
2,Rock in Rio,2022-09-08,2022-09-11,2022-09-09,17678638
2,Rock in Rio,2022-09-08,2022-09-11,2022-09-09,17678643
2,Rock in Rio,2022-09-08,2022-09-11,2022-09-09,17678658
2,Rock in Rio,2022-09-08,2022-09-11,2022-09-09,17678673
2,Rock in Rio,2022-09-08,2022-09-11,2022-09-09,17678719
2,Rock in Rio,2022-09-08,2022-09-11,2022-09-09,17678720
2,Rock in Rio,2022-09-08,2022-09-11,2022-09-09,17678721
2,Rock in Rio,2022-09-08,2022-09-11,2022-09-09,17678787
2,Rock in Rio,2022-09-08,2022-09-11,2022-09-09,17678788
2,Rock in Rio,2022-09-08,2022-09-11,2022-09-09,17679149
2,Rock in Rio,2022-09-08,2022-09-11,2022-09-09,17679195
2,Rock in Rio,2022-09-08,2022-09-11,2022-09-09,17679247
2,Rock in Rio,2022-09-08,2022-09-11,2022-09-09,17679299
2,Rock in Rio,2022-09-08,2022-09-11,2022-09-09,17679308
2,Rock in Rio,2022-09-08,2022-09-11,2022-09-09,17679350
2,Rock in Rio,2022-09-08,2022-09-11,2022-09-09,17679379
2,Rock in Rio,2022-09-08,2022-09-11,2022-09-09,17679390
2,Rock in Rio,2022-09-08,2022-09-11,2022-09-09,17679414
2,Rock in Rio,2022-09-08,2022-09-11,2022-09-09,17679482
2,Rock in Rio,2022-09-08,2022-09-11,2022-09-09,17679527
2,Rock in Rio,2022-09-08,2022-09-11,2022-09-09,17679543
2,Rock in Rio,2022-09-08,2022-09-11,2022-09-09,17679633
2,Rock in Rio,2022-09-08,2022-09-11,2022-09-09,17679721
2,Rock in Rio,2022-09-08,2022-09-11,2022-09-09,17679746
2,Rock in Rio,2022-09-08,2022-09-11,2022-09-09,17679952
2,Rock in Rio,2022-09-08,2022-09-11,2022-09-09,17679986
2,Rock in Rio,2022-09-08,2022-09-11,2022-09-09,17680063
2,Rock in Rio,2022-09-08,2022-09-11,2022-09-09,17680070
2,Rock in Rio,2022-09-08,2022-09-11,2022-09-09,17680159
2,Rock in Rio,2022-09-08,2022-09-11,2022-09-09,17680197
2,Rock in Rio,2022-09-08,2022-09-11,2022-09-09,17680211
2,Rock in Rio,2022-09-08,2022-09-11,2022-09-09,17680261
2,Rock in Rio,2022-09-08,2022-09-11,2022-09-09,17680262
2,Rock in Rio,2022-09-08,2022-09-11,2022-09-09,17680263
2,Rock in Rio,2022-09-08,2022-09-11,2022-09-09,17680482
2,Rock in Rio,2022-09-08,2022-09-11,2022-09-09,17680633
2,Rock in Rio,2022-09-08,2022-09-11,2022-09-09,17680675
2,Rock in Rio,2022-09-08,2022-09-11,2022-09-09,17680989
2,Rock in Rio,2022-09-08,2022-09-11,2022-09-09,17680991
2,Rock in Rio,2022-09-08,2022-09-11,2022-09-09,17680995
2,Rock in Rio,2022-09-08,2022-09-11,2022-09-09,17681072
2,Rock in Rio,2022-09-08,2022-09-11,2022-09-09,17681075
2,Rock in Rio,2022-09-08,2022-09-11,2022-09-09,17681117
2,Rock in Rio,2022-09-08,2022-09-11,2022-09-09,17681143
2,Rock in Rio,2022-09-08,2022-09-11,2022-09-09,17681150
2,Rock in Rio,2022-09-08,2022-09-11,2022-09-09,17681233
2,Rock in Rio,2022-09-08,2022-09-11,2022-09-09,17681300
2,Rock in Rio,2022-09-08,2022-09-11,2022-09-09,17681301
2,Rock in Rio,2022-09-08,2022-09-11,2022-09-09,17681302
2,Rock in Rio,2022-09-08,2022-09-11,2022-09-09,17681305
2,Rock in Rio,2022-09-08,2022-09-11,2022-09-09,17681312
2,Rock in Rio,2022-09-08,2022-09-11,2022-09-09,17681327
2,Rock in Rio,2022-09-08,2022-09-11,2022-09-09,17681341
2,Rock in Rio,2022-09-08,2022-09-11,2022-09-09,17681343
2,Rock in Rio,2022-09-08,2022-09-11,2022-09-09,17681473
2,Rock in Rio,2022-09-08,2022-09-11,2022-09-09,17681564
2,Rock in Rio,2022-09-08,2022-09-11,2022-09-09,17681631
2,Rock in Rio,2022-09-08,2022-09-11,2022-09-09,17681695
2,Rock in Rio,2022-09-08,2022-09-11,2022-09-09,17681811
2,Rock in Rio,2022-09-08,2022-09-11,2022-09-09,17681850
2,Rock in Rio,2022-09-08,2022-09-11,2022-09-09,17681869
2,Rock in Rio,2022-09-08,2022-09-11,2022-09-09,17681874
2,Rock in Rio,2022-09-08,2022-09-11,2022-09-09,17681915
2,Rock in Rio,2022-09-08,2022-09-11,2022-09-09,17681970
2,Rock in Rio,2022-09-08,2022-09-11,2022-09-09,17681999
2,Rock in Rio,2022-09-08,2022-09-11,2022-09-09,17682040
2,Rock in Rio,2022-09-08,2022-09-11,2022-09-09,17682041
2,Rock in Rio,2022-09-08,2022-09-11,2022-09-09,17682105
2,Rock in Rio,2022-09-08,2022-09-11,2022-09-09,17682106
2,Rock in Rio,2022-09-08,2022-09-11,2022-09-09,17682133
2,Rock in Rio,2022-09-08,2022-09-11,2022-09-09,17682164
2,Rock in Rio,2022-09-08,2022-09-11,2022-09-09,17682218
2,Rock in Rio,2022-09-08,2022-09-11,2022-09-09,17682226
2,Rock in Rio,2022-09-08,2022-09-11,2022-09-09,17682241
2,Rock in Rio,2022-09-08,2022-09-11,2022-09-09,17682243
2,Rock in Rio,2022-09-08,2022-09-11,2022-09-09,17682287
2,Rock in Rio,2022-09-08,2022-09-11,2022-09-09,17682318
2,Rock in Rio,2022-09-08,2022-09-11,2022-09-09,17682327
2,Rock in Rio,2022-09-08,2022-09-11,2022-09-09,17682330
2,Rock in Rio,2022-09-08,2022-09-11,2022-09-09,17682337
2,Rock in Rio,2022-09-08,2022-09-11,2022-09-09,17682389
2,Rock in Rio,2022-09-08,2022-09-11,2022-09-09,17682406
2,Rock in Rio,2022-09-08,2022-09-11,2022-09-09,17682411
2,Rock in Rio,2022-09-08,2022-09-11,2022-09-09,17682422
2,Rock in Rio,2022-09-08,2022-09-11,2022-09-09,17682424
2,Rock in Rio,2022-09-08,2022-09-11,2022-09-09,17682426
2,Rock in Rio,2022-09-08,2022-09-11,2022-09-09,17682436
2,Rock in Rio,2022-09-08,2022-09-11,2022-09-09,17682438
2,Rock in Rio,2022-09-08,2022-09-11,2022-09-09,17682439
2,Rock in Rio,2022-09-08,2022-09-11,2022-09-09,17682443
2,Rock in Rio,2022-09-08,2022-09-11,2022-09-09,17682444
2,Rock in Rio,2022-09-08,2022-09-11,2022-09-09,17682451
2,Rock in Rio,2022-09-08,2022-09-11,2022-09-09,17682453
2,Rock in Rio,2022-09-08,2022-09-11,2022-09-09,17682454
2,Rock in Rio,2022-09-08,2022-09-11,2022-09-09,17682462
2,Rock in Rio,2022-09-08,2022-09-11,2022-09-09,17682463
2,Rock in Rio,2022-09-08,2022-09-11,2022-09-09,17682464
2,Rock in Rio,2022-09-08,2022-09-11,2022-09-09,17682465
2,Rock in Rio,2022-09-08,2022-09-11,2022-09-09,17682471
2,Rock in Rio,2022-09-08,2022-09-11,2022-09-09,17682472
2,Rock in Rio,2022-09-08,2022-09-11,2022-09-09,17682475
2,Rock in Rio,2022-09-08,2022-09-11,2022-09-09,17682477
2,Rock in Rio,2022-09-08,2022-09-11,2022-09-09,17682485
2,Rock in Rio,2022-09-08,2022-09-11,2022-09-09,17682488
2,Rock in Rio,2022-09-08,2022-09-11,2022-09-09,17682493
2,Rock in Rio,2022-09-08,2022-09-11,2022-09-09,17682497
2,Rock in Rio,2022-09-08,2022-09-11,2022-09-09,17682498
2,Rock in Rio,2022-09-08,2022-09-11,2022-09-09,17682500
2,Rock in Rio,2022-09-08,2022-09-11,2022-09-09,17682501
2,Rock in Rio,2022-09-08,2022-09-11,2022-09-09,17682502
2,Rock in Rio,2022-09-08,2022-09-11,2022-09-09,17682509
2,Rock in Rio,2022-09-08,2022-09-11,2022-09-09,17682510
2,Rock in Rio,2022-09-08,2022-09-11,2022-09-09,17682512
2,Rock in Rio,2022-09-08,2022-09-11,2022-09-09,17682514
2,Rock in Rio,2022-09-08,2022-09-11,2022-09-09,17682515
2,Rock in Rio,2022-09-08,2022-09-11,2022-09-09,17682518
2,Rock in Rio,2022-09-08,2022-09-11,2022-09-09,17682519
2,Rock in Rio,2022-09-08,2022-09-11,2022-09-09,17682522
2,Rock in Rio,2022-09-08,2022-09-11,2022-09-09,17682524
2,Rock in Rio,2022-09-08,2022-09-11,2022-09-09,17682527
2,Rock in Rio,2022-09-08,2022-09-11,2022-09-09,17682529
2,Rock in Rio,2022-09-08,2022-09-11,2022-09-09,17682530
2,Rock in Rio,2022-09-08,2022-09-11,2022-09-09,17682531
2,Rock in Rio,2022-09-08,2022-09-11,2022-09-09,17682539
2,Rock in Rio,2022-09-08,2022-09-11,2022-09-09,17682544
2,Rock in Rio,2022-09-08,2022-09-11,2022-09-09,17682549
2,Rock in Rio,2022-09-08,2022-09-11,2022-09-09,17682552
2,Rock in Rio,2022-09-08,2022-09-11,2022-09-09,17682557
2,Rock in Rio,2022-09-08,2022-09-11,2022-09-09,17682561
2,Rock in Rio,2022-09-08,2022-09-11,2022-09-09,17682562
2,Rock in Rio,2022-09-08,2022-09-11,2022-09-09,17682564
2,Rock in Rio,2022-09-08,2022-09-11,2022-09-09,17682570
2,Rock in Rio,2022-09-08,2022-09-11,2022-09-09,17682575
2,Rock in Rio,2022-09-08,2022-09-11,2022-09-09,17682578
2,Rock in Rio,2022-09-08,2022-09-11,2022-09-09,17682582
2,Rock in Rio,2022-09-08,2022-09-11,2022-09-10,17682598
2,Rock in Rio,2022-09-08,2022-09-11,2022-09-10,17682604
2,Rock in Rio,2022-09-08,2022-09-11,2022-09-10,17682605
2,Rock in Rio,2022-09-08,2022-09-11,2022-09-10,17682608
2,Rock in Rio,2022-09-08,2022-09-11,2022-09-10,17682609
2,Rock in Rio,2022-09-08,2022-09-11,2022-09-10,17682617
2,Rock in Rio,2022-09-08,2022-09-11,2022-09-10,17682620
2,Rock in Rio,2022-09-08,2022-09-11,2022-09-10,17682624
2,Rock in Rio,2022-09-08,2022-09-11,2022-09-10,17682625
2,Rock in Rio,2022-09-08,2022-09-11,2022-09-10,17682626
2,Rock in Rio,2022-09-08,2022-09-11,2022-09-10,17682627
2,Rock in Rio,2022-09-08,2022-09-11,2022-09-10,17682630
2,Rock in Rio,2022-09-08,2022-09-11,2022-09-10,17682631
2,Rock in Rio,2022-09-08,2022-09-11,2022-09-10,17682634
2,Rock in Rio,2022-09-08,2022-09-11,2022-09-10,17682637
2,Rock in Rio,2022-09-08,2022-09-11,2022-09-10,17682638
2,Rock in Rio,2022-09-08,2022-09-11,2022-09-10,17682639
2,Rock in Rio,2022-09-08,2022-09-11,2022-09-10,17682641
2,Rock in Rio,2022-09-08,2022-09-11,2022-09-10,17682649
2,Rock in Rio,2022-09-08,2022-09-11,2022-09-10,17682652
2,Rock in Rio,2022-09-08,2022-09-11,2022-09-10,17682653
2,Rock in Rio,2022-09-08,2022-09-11,2022-09-10,17682659
2,Rock in Rio,2022-09-08,2022-09-11,2022-09-10,17682664
2,Rock in Rio,2022-09-08,2022-09-11,2022-09-10,17682666
2,Rock in Rio,2022-09-08,2022-09-11,2022-09-10,17682667
2,Rock in Rio,2022-09-08,2022-09-11,2022-09-10,17682703
2,Rock in Rio,2022-09-08,2022-09-11,2022-09-10,17682720
2,Rock in Rio,2022-09-08,2022-09-11,2022-09-10,17682727
2,Rock in Rio,2022-09-08,2022-09-11,2022-09-10,17682733
2,Rock in Rio,2022-09-08,2022-09-11,2022-09-10,17682738
2,Rock in Rio,2022-09-08,2022-09-11,2022-09-10,17682801
2,Rock in Rio,2022-09-08,2022-09-11,2022-09-10,17682818
2,Rock in Rio,2022-09-08,2022-09-11,2022-09-10,17682824
2,Rock in Rio,2022-09-08,2022-09-11,2022-09-10,17682851
2,Rock in Rio,2022-09-08,2022-09-11,2022-09-10,17682881
2,Rock in Rio,2022-09-08,2022-09-11,2022-09-10,17682882
2,Rock in Rio,2022-09-08,2022-09-11,2022-09-10,17682884
2,Rock in Rio,2022-09-08,2022-09-11,2022-09-10,17682887
2,Rock in Rio,2022-09-08,2022-09-11,2022-09-10,17682891
2,Rock in Rio,2022-09-08,2022-09-11,2022-09-10,17682938
2,Rock in Rio,2022-09-08,2022-09-11,2022-09-10,17683061
2,Rock in Rio,2022-09-08,2022-09-11,2022-09-10,17683100
2,Rock in Rio,2022-09-08,2022-09-11,2022-09-10,17683270
2,Rock in Rio,2022-09-08,2022-09-11,2022-09-10,17683303
2,Rock in Rio,2022-09-08,2022-09-11,2022-09-10,17683365
2,Rock in Rio,2022-09-08,2022-09-11,2022-09-10,17683369
2,Rock in Rio,2022-09-08,2022-09-11,2022-09-10,17683459
2,Rock in Rio,2022-09-08,2022-09-11,2022-09-10,17683477
2,Rock in Rio,2022-09-08,2022-09-11,2022-09-10,17683500
2,Rock in Rio,2022-09-08,2022-09-11,2022-09-10,17683592
2,Rock in Rio,2022-09-08,2022-09-11,2022-09-10,17683595
2,Rock in Rio,2022-09-08,2022-09-11,2022-09-10,17683599
2,Rock in Rio,2022-09-08,2022-09-11,2022-09-10,17683661
2,Rock in Rio,2022-09-08,2022-09-11,2022-09-10,17683676
2,Rock in Rio,2022-09-08,2022-09-11,2022-09-10,17683711
2,Rock in Rio,2022-09-08,2022-09-11,2022-09-10,17683780
2,Rock in Rio,2022-09-08,2022-09-11,2022-09-10,17683797
2,Rock in Rio,2022-09-08,2022-09-11,2022-09-10,17683798
2,Rock in Rio,2022-09-08,2022-09-11,2022-09-10,17683808
2,Rock in Rio,2022-09-08,2022-09-11,2022-09-10,17683832
2,Rock in Rio,2022-09-08,2022-09-11,2022-09-10,17683883
2,Rock in Rio,2022-09-08,2022-09-11,2022-09-10,17683910
2,Rock in Rio,2022-09-08,2022-09-11,2022-09-10,17683911
2,Rock in Rio,2022-09-08,2022-09-11,2022-09-10,17683914
2,Rock in Rio,2022-09-08,2022-09-11,2022-09-10,17683923
2,Rock in Rio,2022-09-08,2022-09-11,2022-09-10,17683927
2,Rock in Rio,2022-09-08,2022-09-11,2022-09-10,17683933
2,Rock in Rio,2022-09-08,2022-09-11,2022-09-10,17683934
2,Rock in Rio,2022-09-08,2022-09-11,2022-09-10,17683945
2,Rock in Rio,2022-09-08,2022-09-11,2022-09-10,17683971
2,Rock in Rio,2022-09-08,2022-09-11,2022-09-10,17683994
2,Rock in Rio,2022-09-08,2022-09-11,2022-09-10,17684007
2,Rock in Rio,2022-09-08,2022-09-11,2022-09-10,17684011
2,Rock in Rio,2022-09-08,2022-09-11,2022-09-10,17684038
2,Rock in Rio,2022-09-08,2022-09-11,2022-09-10,17684056
2,Rock in Rio,2022-09-08,2022-09-11,2022-09-10,17684076
2,Rock in Rio,2022-09-08,2022-09-11,2022-09-10,17684082
2,Rock in Rio,2022-09-08,2022-09-11,2022-09-10,17684090
2,Rock in Rio,2022-09-08,2022-09-11,2022-09-10,17684094
2,Rock in Rio,2022-09-08,2022-09-11,2022-09-10,17684098
2,Rock in Rio,2022-09-08,2022-09-11,2022-09-10,17684124
2,Rock in Rio,2022-09-08,2022-09-11,2022-09-10,17684125
2,Rock in Rio,2022-09-08,2022-09-11,2022-09-10,17684130
2,Rock in Rio,2022-09-08,2022-09-11,2022-09-10,17684131
2,Rock in Rio,2022-09-08,2022-09-11,2022-09-10,17684132
2,Rock in Rio,2022-09-08,2022-09-11,2022-09-10,17684141
2,Rock in Rio,2022-09-08,2022-09-11,2022-09-10,17684143
2,Rock in Rio,2022-09-08,2022-09-11,2022-09-10,17684152
2,Rock in Rio,2022-09-08,2022-09-11,2022-09-10,17684190
2,Rock in Rio,2022-09-08,2022-09-11,2022-09-10,17684192
2,Rock in Rio,2022-09-08,2022-09-11,2022-09-10,17684202
2,Rock in Rio,2022-09-08,2022-09-11,2022-09-10,17684203
2,Rock in Rio,2022-09-08,2022-09-11,2022-09-10,17684205
2,Rock in Rio,2022-09-08,2022-09-11,2022-09-10,17684210
2,Rock in Rio,2022-09-08,2022-09-11,2022-09-10,17684216
2,Rock in Rio,2022-09-08,2022-09-11,2022-09-10,17684217
2,Rock in Rio,2022-09-08,2022-09-11,2022-09-10,17684218
2,Rock in Rio,2022-09-08,2022-09-11,2022-09-10,17684220
2,Rock in Rio,2022-09-08,2022-09-11,2022-09-10,17684221
2,Rock in Rio,2022-09-08,2022-09-11,2022-09-10,17684222
2,Rock in Rio,2022-09-08,2022-09-11,2022-09-10,17684225
2,Rock in Rio,2022-09-08,2022-09-11,2022-09-10,17684226
2,Rock in Rio,2022-09-08,2022-09-11,2022-09-10,17684227
2,Rock in Rio,2022-09-08,2022-09-11,2022-09-10,17684246
2,Rock in Rio,2022-09-08,2022-09-11,2022-09-10,17684249
2,Rock in Rio,2022-09-08,2022-09-11,2022-09-10,17684264
2,Rock in Rio,2022-09-08,2022-09-11,2022-09-10,17684265
2,Rock in Rio,2022-09-08,2022-09-11,2022-09-10,17684270
2,Rock in Rio,2022-09-08,2022-09-11,2022-09-10,17684277
2,Rock in Rio,2022-09-08,2022-09-11,2022-09-10,17684278
2,Rock in Rio,2022-09-08,2022-09-11,2022-09-10,17684282
2,Rock in Rio,2022-09-08,2022-09-11,2022-09-10,17684287
2,Rock in Rio,2022-09-08,2022-09-11,2022-09-10,17684292
2,Rock in Rio,2022-09-08,2022-09-11,2022-09-10,17684293
2,Rock in Rio,2022-09-08,2022-09-11,2022-09-10,17684299
2,Rock in Rio,2022-09-08,2022-09-11,2022-09-10,17684300
2,Rock in Rio,2022-09-08,2022-09-11,2022-09-10,17684311
2,Rock in Rio,2022-09-08,2022-09-11,2022-09-10,17684314
2,Rock in Rio,2022-09-08,2022-09-11,2022-09-10,17684317
2,Rock in Rio,2022-09-08,2022-09-11,2022-09-10,17684324
2,Rock in Rio,2022-09-08,2022-09-11,2022-09-10,17684327
2,Rock in Rio,2022-09-08,2022-09-11,2022-09-10,17684328
2,Rock in Rio,2022-09-08,2022-09-11,2022-09-10,17684331
2,Rock in Rio,2022-09-08,2022-09-11,2022-09-10,17684335
2,Rock in Rio,2022-09-08,2022-09-11,2022-09-10,17684336
2,Rock in Rio,2022-09-08,2022-09-11,2022-09-10,17684337
2,Rock in Rio,2022-09-08,2022-09-11,2022-09-10,17684338
2,Rock in Rio,2022-09-08,2022-09-11,2022-09-10,17684341
2,Rock in Rio,2022-09-08,2022-09-11,2022-09-10,17684346
2,Rock in Rio,2022-09-08,2022-09-11,2022-09-10,17684348
2,Rock in Rio,2022-09-08,2022-09-11,2022-09-10,17684349
2,Rock in Rio,2022-09-08,2022-09-11,2022-09-10,17684352
2,Rock in Rio,2022-09-08,2022-09-11,2022-09-10,17684353
2,Rock in Rio,2022-09-08,2022-09-11,2022-09-10,17684354
2,Rock in Rio,2022-09-08,2022-09-11,2022-09-10,17684355
2,Rock in Rio,2022-09-08,2022-09-11,2022-09-10,17684356
2,Rock in Rio,2022-09-08,2022-09-11,2022-09-10,17684357
2,Rock in Rio,2022-09-08,2022-09-11,2022-09-11,17684359
2,Rock in Rio,2022-09-08,2022-09-11,2022-09-11,17684360
2,Rock in Rio,2022-09-08,2022-09-11,2022-09-11,17684361
2,Rock in Rio,2022-09-08,2022-09-11,2022-09-11,17684362
2,Rock in Rio,2022-09-08,2022-09-11,2022-09-11,17684363
2,Rock in Rio,2022-09-08,2022-09-11,2022-09-11,17684364
2,Rock in Rio,2022-09-08,2022-09-11,2022-09-11,17684365
2,Rock in Rio,2022-09-08,2022-09-11,2022-09-11,17684366
2,Rock in Rio,2022-09-08,2022-09-11,2022-09-11,17684367
2,Rock in Rio,2022-09-08,2022-09-11,2022-09-11,17684368
2,Rock in Rio,2022-09-08,2022-09-11,2022-09-11,17684371
2,Rock in Rio,2022-09-08,2022-09-11,2022-09-11,17684372
2,Rock in Rio,2022-09-08,2022-09-11,2022-09-11,17684374
2,Rock in Rio,2022-09-08,2022-09-11,2022-09-11,17684376
2,Rock in Rio,2022-09-08,2022-09-11,2022-09-11,17684378
2,Rock in Rio,2022-09-08,2022-09-11,2022-09-11,17684385
2,Rock in Rio,2022-09-08,2022-09-11,2022-09-11,17684386
2,Rock in Rio,2022-09-08,2022-09-11,2022-09-11,17684389
2,Rock in Rio,2022-09-08,2022-09-11,2022-09-11,17684391
2,Rock in Rio,2022-09-08,2022-09-11,2022-09-11,17684395
2,Rock in Rio,2022-09-08,2022-09-11,2022-09-11,17684413
2,Rock in Rio,2022-09-08,2022-09-11,2022-09-11,17684415
2,Rock in Rio,2022-09-08,2022-09-11,2022-09-11,17684416
2,Rock in Rio,2022-09-08,2022-09-11,2022-09-11,17684428
2,Rock in Rio,2022-09-08,2022-09-11,2022-09-11,17684429
2,Rock in Rio,2022-09-08,2022-09-11,2022-09-11,17684432
2,Rock in Rio,2022-09-08,2022-09-11,2022-09-11,17684435
2,Rock in Rio,2022-09-08,2022-09-11,2022-09-11,17684439
2,Rock in Rio,2022-09-08,2022-09-11,2022-09-11,17684440
2,Rock in Rio,2022-09-08,2022-09-11,2022-09-11,17684441
2,Rock in Rio,2022-09-08,2022-09-11,2022-09-11,17684442
2,Rock in Rio,2022-09-08,2022-09-11,2022-09-11,17684443
2,Rock in Rio,2022-09-08,2022-09-11,2022-09-11,17684444
2,Rock in Rio,2022-09-08,2022-09-11,2022-09-11,17684494
2,Rock in Rio,2022-09-08,2022-09-11,2022-09-11,17684496
2,Rock in Rio,2022-09-08,2022-09-11,2022-09-11,17684507
2,Rock in Rio,2022-09-08,2022-09-11,2022-09-11,17684527
2,Rock in Rio,2022-09-08,2022-09-11,2022-09-11,17684544
2,Rock in Rio,2022-09-08,2022-09-11,2022-09-11,17684559
2,Rock in Rio,2022-09-08,2022-09-11,2022-09-11,17684588
2,Rock in Rio,2022-09-08,2022-09-11,2022-09-11,17684656
2,Rock in Rio,2022-09-08,2022-09-11,2022-09-11,17684663
2,Rock in Rio,2022-09-08,2022-09-11,2022-09-11,17684666
2,Rock in Rio,2022-09-08,2022-09-11,2022-09-11,17684695
2,Rock in Rio,2022-09-08,2022-09-11,2022-09-11,17684700
2,Rock in Rio,2022-09-08,2022-09-11,2022-09-11,17684721
2,Rock in Rio,2022-09-08,2022-09-11,2022-09-11,17684731
2,Rock in Rio,2022-09-08,2022-09-11,2022-09-11,17684822
2,Rock in Rio,2022-09-08,2022-09-11,2022-09-11,17684833
2,Rock in Rio,2022-09-08,2022-09-11,2022-09-11,17684847
2,Rock in Rio,2022-09-08,2022-09-11,2022-09-11,17684949
2,Rock in Rio,2022-09-08,2022-09-11,2022-09-11,17685008
2,Rock in Rio,2022-09-08,2022-09-11,2022-09-11,17685026
2,Rock in Rio,2022-09-08,2022-09-11,2022-09-11,17685030
2,Rock in Rio,2022-09-08,2022-09-11,2022-09-11,17685033
2,Rock in Rio,2022-09-08,2022-09-11,2022-09-11,17685034
2,Rock in Rio,2022-09-08,2022-09-11,2022-09-11,17685053
2,Rock in Rio,2022-09-08,2022-09-11,2022-09-11,17685077
2,Rock in Rio,2022-09-08,2022-09-11,2022-09-11,17685088
2,Rock in Rio,2022-09-08,2022-09-11,2022-09-11,17685094
2,Rock in Rio,2022-09-08,2022-09-11,2022-09-11,17685102
2,Rock in Rio,2022-09-08,2022-09-11,2022-09-11,17685103
2,Rock in Rio,2022-09-08,2022-09-11,2022-09-11,17685106
2,Rock in Rio,2022-09-08,2022-09-11,2022-09-11,17685107
2,Rock in Rio,2022-09-08,2022-09-11,2022-09-11,17685110
2,Rock in Rio,2022-09-08,2022-09-11,2022-09-11,17685122
2,Rock in Rio,2022-09-08,2022-09-11,2022-09-11,17685124
2,Rock in Rio,2022-09-08,2022-09-11,2022-09-11,17685125
2,Rock in Rio,2022-09-08,2022-09-11,2022-09-11,17685131
2,Rock in Rio,2022-09-08,2022-09-11,2022-09-11,17685153
2,Rock in Rio,2022-09-08,2022-09-11,2022-09-11,17685163
2,Rock in Rio,2022-09-08,2022-09-11,2022-09-11,17685172
2,Rock in Rio,2022-09-08,2022-09-11,2022-09-11,17685186
2,Rock in Rio,2022-09-08,2022-09-11,2022-09-11,17685192
2,Rock in Rio,2022-09-08,2022-09-11,2022-09-11,17685208
2,Rock in Rio,2022-09-08,2022-09-11,2022-09-11,17685211
2,Rock in Rio,2022-09-08,2022-09-11,2022-09-11,17685224
2,Rock in Rio,2022-09-08,2022-09-11,2022-09-11,17685244
2,Rock in Rio,2022-09-08,2022-09-11,2022-09-11,17685253
2,Rock in Rio,2022-09-08,2022-09-11,2022-09-11,17685258
2,Rock in Rio,2022-09-08,2022-09-11,2022-09-11,17685272
2,Rock in Rio,2022-09-08,2022-09-11,2022-09-11,17685286
2,Rock in Rio,2022-09-08,2022-09-11,2022-09-11,17685295
2,Rock in Rio,2022-09-08,2022-09-11,2022-09-11,17685300
2,Rock in Rio,2022-09-08,2022-09-11,2022-09-11,17685307
2,Rock in Rio,2022-09-08,2022-09-11,2022-09-11,17685308
2,Rock in Rio,2022-09-08,2022-09-11,2022-09-11,17685313
2,Rock in Rio,2022-09-08,2022-09-11,2022-09-11,17685323
2,Rock in Rio,2022-09-08,2022-09-11,2022-09-11,17685330
2,Rock in Rio,2022-09-08,2022-09-11,2022-09-11,17685334
2,Rock in Rio,2022-09-08,2022-09-11,2022-09-11,17685341
2,Rock in Rio,2022-09-08,2022-09-11,2022-09-11,17685346
2,Rock in Rio,2022-09-08,2022-09-11,2022-09-11,17685348
2,Rock in Rio,2022-09-08,2022-09-11,2022-09-11,17685362
2,Rock in Rio,2022-09-08,2022-09-11,2022-09-11,17685364
2,Rock in Rio,2022-09-08,2022-09-11,2022-09-11,17685372
2,Rock in Rio,2022-09-08,2022-09-11,2022-09-11,17685375
2,Rock in Rio,2022-09-08,2022-09-11,2022-09-11,17685376
2,Rock in Rio,2022-09-08,2022-09-11,2022-09-11,17685377
2,Rock in Rio,2022-09-08,2022-09-11,2022-09-11,17685390
2,Rock in Rio,2022-09-08,2022-09-11,2022-09-11,17685392
2,Rock in Rio,2022-09-08,2022-09-11,2022-09-11,17685397
2,Rock in Rio,2022-09-08,2022-09-11,2022-09-11,17685407
2,Rock in Rio,2022-09-08,2022-09-11,2022-09-11,17685410
2,Rock in Rio,2022-09-08,2022-09-11,2022-09-11,17685413
2,Rock in Rio,2022-09-08,2022-09-11,2022-09-11,17685419
2,Rock in Rio,2022-09-08,2022-09-11,2022-09-11,17685426
2,Rock in Rio,2022-09-08,2022-09-11,2022-09-11,17685428
2,Rock in Rio,2022-09-08,2022-09-11,2022-09-11,17685432
2,Rock in Rio,2022-09-08,2022-09-11,2022-09-11,17685434
2,Rock in Rio,2022-09-08,2022-09-11,2022-09-11,17685435
2,Rock in Rio,2022-09-08,2022-09-11,2022-09-11,17685436
2,Rock in Rio,2022-09-08,2022-09-11,2022-09-11,17685454
2,Rock in Rio,2022-09-08,2022-09-11,2022-09-11,17685457
2,Rock in Rio,2022-09-08,2022-09-11,2022-09-11,17685460
2,Rock in Rio,2022-09-08,2022-09-11,2022-09-11,17685461
2,Rock in Rio,2022-09-08,2022-09-11,2022-09-11,17685464
2,Rock in Rio,2022-09-08,2022-09-11,2022-09-11,17685468
2,Rock in Rio,2022-09-08,2022-09-11,2022-09-11,17685474
2,Rock in Rio,2022-09-08,2022-09-11,2022-09-11,17685482
2,Rock in Rio,2022-09-08,2022-09-11,2022-09-11,17685484
2,Rock in Rio,2022-09-08,2022-09-11,2022-09-11,17685493
2,Rock in Rio,2022-09-08,2022-09-11,2022-09-11,17685494
2,Rock in Rio,2022-09-08,2022-09-11,2022-09-11,17685498
2,Rock in Rio,2022-09-08,2022-09-11,2022-09-11,17685499
2,Rock in Rio,2022-09-08,2022-09-11,2022-09-11,17685500
2,Rock in Rio,2022-09-08,2022-09-11,2022-09-11,17685501
2,Rock in Rio,2022-09-08,2022-09-11,2022-09-11,17685502
2,Rock in Rio,2022-09-08,2022-09-11,2022-09-11,17685506
2,Rock in Rio,2022-09-08,2022-09-11,2022-09-11,17685509
2,Rock in Rio,2022-09-08,2022-09-11,2022-09-11,17685511
2,Rock in Rio,2022-09-08,2022-09-11,2022-09-11,17685521
2,Rock in Rio,2022-09-08,2022-09-11,2022-09-11,17685524
2,Rock in Rio,2022-09-08,2022-09-11,2022-09-11,17685542
2,Rock in Rio,2022-09-08,2022-09-11,2022-09-11,17685543
2,Rock in Rio,2022-09-08,2022-09-11,2022-09-11,17685544
2,Rock in Rio,2022-09-08,2022-09-11,2022-09-11,17685546
2,Rock in Rio,2022-09-08,2022-09-11,2022-09-11,17685547
2,Rock in Rio,2022-09-08,2022-09-11,2022-09-11,17685549
2,Rock in Rio,2022-09-08,2022-09-11,2022-09-11,17685550
2,Rock in Rio,2022-09-08,2022-09-11,2022-09-11,17685551
2,Rock in Rio,2022-09-08,2022-09-11,2022-09-11,17685553
2,Rock in Rio,2022-09-08,2022-09-11,2022-09-11,17685554
2,Rock in Rio,2022-09-08,2022-09-11,2022-09-11,17685556
2,Rock in Rio,2022-09-08,2022-09-11,2022-09-11,17685559
2,Rock in Rio,2022-09-08,2022-09-11,2022-09-11,17685560
2,Rock in Rio,2022-09-08,2022-09-11,2022-09-11,17685561
2,Rock in Rio,2022-09-08,2022-09-11,2022-09-11,17685563
2,Rock in Rio,2022-09-08,2022-09-11,2022-09-11,17685564
2,Rock in Rio,2022-09-08,2022-09-11,2022-09-11,17685565
2,Rock in Rio,2022-09-08,2022-09-11,2022-09-11,17685566
2,Rock in Rio,2022-09-08,2022-09-11,2022-09-11,17685569
2,Rock in Rio,2022-09-08,2022-09-11,2022-09-11,17685572
2,Rock in Rio,2022-09-08,2022-09-11,2022-09-11,17685574
2,Rock in Rio,2022-09-08,2022-09-11,2022-09-11,17685575
2,Rock in Rio,2022-09-08,2022-09-11,2022-09-11,17685577
2,Rock in Rio,2022-09-08,2022-09-11,2022-09-11,17685578
2,Rock in Rio,2022-09-08,2022-09-11,2022-09-11,17685579
2,Rock in Rio,2022-09-08,2022-09-11,2022-09-11,17685580
2,Rock in Rio,2022-09-08,2022-09-11,2022-09-11,17685582
2,Rock in Rio,2022-09-08,2022-09-11,2022-09-11,17685583
2,Rock in Rio,2022-09-08,2022-09-11,2022-09-11,17685584
2,Rock in Rio,2022-09-08,2022-09-11,2022-09-11,17685585
2,Rock in Rio,2022-09-08,2022-09-11,2022-09-11,17685586
2,Rock in Rio,2022-09-08,2022-09-11,2022-09-11,17685589
2,Rock in Rio,2022-09-08,2022-09-11,2022-09-11,17685596
2,Rock in Rio,2022-09-08,2022-09-11,2022-09-11,17685597
2,Rock in Rio,2022-09-08,2022-09-11,2022-09-11,17685600
2,Rock in Rio,2022-09-08,2022-09-11,2022-09-11,17685603
2,Rock in Rio,2022-09-08,2022-09-11,2022-09-11,17685605
2,Rock in Rio,2022-09-08,2022-09-11,2022-09-11,17685606
2,Rock in Rio,2022-09-08,2022-09-11,2022-09-11,17685616
2,Rock in Rio,2022-09-08,2022-09-11,2022-09-11,17685619
2,Rock in Rio,2022-09-08,2022-09-11,2022-09-11,17685621
2,Rock in Rio,2022-09-08,2022-09-11,2022-09-11,17685629
2,Rock in Rio,2022-09-08,2022-09-11,2022-09-11,17685630
2,Rock in Rio,2022-09-08,2022-09-11,2022-09-11,17685631
2,Rock in Rio,2022-09-08,2022-09-11,2022-09-11,17685635
2,Rock in Rio,2022-09-08,2022-09-11,2022-09-11,17685641
2,Rock in Rio,2022-09-08,2022-09-11,2022-09-11,17685644
3,Rveillon,2022-12-30,2023-01-01,2022-12-30,18075893
3,Rveillon,2022-12-30,2023-01-01,2022-12-30,18075894
3,Rveillon,2022-12-30,2023-01-01,2022-12-30,18075910
3,Rveillon,2022-12-30,2023-01-01,2022-12-30,18075919
3,Rveillon,2022-12-30,2023-01-01,2022-12-30,18075937
3,Rveillon,2022-12-30,2023-01-01,2022-12-30,18075939
3,Rveillon,2022-12-30,2023-01-01,2022-12-30,18075942
3,Rveillon,2022-12-30,2023-01-01,2022-12-30,18075943
3,Rveillon,2022-12-30,2023-01-01,2022-12-30,18075958
3,Rveillon,2022-12-30,2023-01-01,2022-12-30,18075963
3,Rveillon,2022-12-30,2023-01-01,2022-12-30,18075987
3,Rveillon,2022-12-30,2023-01-01,2022-12-30,18076010
3,Rveillon,2022-12-30,2023-01-01,2022-12-30,18076057
3,Rveillon,2022-12-30,2023-01-01,2022-12-30,18076121
3,Rveillon,2022-12-30,2023-01-01,2022-12-30,18076125
3,Rveillon,2022-12-30,2023-01-01,2022-12-30,18076834
3,Rveillon,2022-12-30,2023-01-01,2022-12-30,18076842
3,Rveillon,2022-12-30,2023-01-01,2022-12-30,18077088
3,Rveillon,2022-12-30,2023-01-01,2022-12-30,18077407
3,Rveillon,2022-12-30,2023-01-01,2022-12-30,18077630
3,Rveillon,2022-12-30,2023-01-01,2022-12-30,18077728
3,Rveillon,2022-12-30,2023-01-01,2022-12-30,18077761
3,Rveillon,2022-12-30,2023-01-01,2022-12-30,18077762
3,Rveillon,2022-12-30,2023-01-01,2022-12-30,18077790
3,Rveillon,2022-12-30,2023-01-01,2022-12-30,18077915
3,Rveillon,2022-12-30,2023-01-01,2022-12-30,18077935
3,Rveillon,2022-12-30,2023-01-01,2022-12-30,18077970
3,Rveillon,2022-12-30,2023-01-01,2022-12-30,18077984
3,Rveillon,2022-12-30,2023-01-01,2022-12-30,18077988
3,Rveillon,2022-12-30,2023-01-01,2022-12-30,18078140
3,Rveillon,2022-12-30,2023-01-01,2022-12-30,18078185
3,Rveillon,2022-12-30,2023-01-01,2022-12-30,18078205
3,Rveillon,2022-12-30,2023-01-01,2022-12-30,18078209
3,Rveillon,2022-12-30,2023-01-01,2022-12-30,18078245
3,Rveillon,2022-12-30,2023-01-01,2022-12-30,18078254
3,Rveillon,2022-12-30,2023-01-01,2022-12-30,18078296
3,Rveillon,2022-12-30,2023-01-01,2022-12-30,18078312
3,Rveillon,2022-12-30,2023-01-01,2022-12-30,18078315
3,Rveillon,2022-12-30,2023-01-01,2022-12-30,18078318
3,Rveillon,2022-12-30,2023-01-01,2022-12-30,18078322
3,Rveillon,2022-12-30,2023-01-01,2022-12-30,18078334
3,Rveillon,2022-12-30,2023-01-01,2022-12-30,18078336
3,Rveillon,2022-12-30,2023-01-01,2022-12-30,18078353
3,Rveillon,2022-12-30,2023-01-01,2022-12-30,18078356
3,Rveillon,2022-12-30,2023-01-01,2022-12-30,18078357
3,Rveillon,2022-12-30,2023-01-01,2022-12-30,18078366
3,Rveillon,2022-12-30,2023-01-01,2022-12-30,18078376
3,Rveillon,2022-12-30,2023-01-01,2022-12-30,18078377
3,Rveillon,2022-12-30,2023-01-01,2022-12-30,18078383
3,Rveillon,2022-12-30,2023-01-01,2022-12-30,18078387
3,Rveillon,2022-12-30,2023-01-01,2022-12-30,18078399
3,Rveillon,2022-12-30,2023-01-01,2022-12-31,18078403
3,Rveillon,2022-12-30,2023-01-01,2022-12-31,18078416
3,Rveillon,2022-12-30,2023-01-01,2022-12-31,18078420
3,Rveillon,2022-12-30,2023-01-01,2022-12-31,18078426
3,Rveillon,2022-12-30,2023-01-01,2022-12-31,18078428
3,Rveillon,2022-12-30,2023-01-01,2022-12-31,18078455
3,Rveillon,2022-12-30,2023-01-01,2022-12-31,18078456
3,Rveillon,2022-12-30,2023-01-01,2022-12-31,18078462
3,Rveillon,2022-12-30,2023-01-01,2022-12-31,18078548
3,Rveillon,2022-12-30,2023-01-01,2022-12-31,18078672
3,Rveillon,2022-12-30,2023-01-01,2022-12-31,18078723
3,Rveillon,2022-12-30,2023-01-01,2022-12-31,18078829
3,Rveillon,2022-12-30,2023-01-01,2022-12-31,18078835
3,Rveillon,2022-12-30,2023-01-01,2022-12-31,18078854
3,Rveillon,2022-12-30,2023-01-01,2022-12-31,18078946
3,Rveillon,2022-12-30,2023-01-01,2022-12-31,18078963
3,Rveillon,2022-12-30,2023-01-01,2022-12-31,18079072
3,Rveillon,2022-12-30,2023-01-01,2022-12-31,18079077
3,Rveillon,2022-12-30,2023-01-01,2022-12-31,18079118
3,Rveillon,2022-12-30,2023-01-01,2022-12-31,18079138
3,Rveillon,2022-12-30,2023-01-01,2022-12-31,18079140
3,Rveillon,2022-12-30,2023-01-01,2022-12-31,18079147
3,Rveillon,2022-12-30,2023-01-01,2022-12-31,18079154
3,Rveillon,2022-12-30,2023-01-01,2022-12-31,18079228
3,Rveillon,2022-12-30,2023-01-01,2022-12-31,18079241
3,Rveillon,2022-12-30,2023-01-01,2022-12-31,18079243
3,Rveillon,2022-12-30,2023-01-01,2022-12-31,18079335
3,Rveillon,2022-12-30,2023-01-01,2022-12-31,18079423
3,Rveillon,2022-12-30,2023-01-01,2022-12-31,18079445
3,Rveillon,2022-12-30,2023-01-01,2022-12-31,18079473
3,Rveillon,2022-12-30,2023-01-01,2022-12-31,18079523
3,Rveillon,2022-12-30,2023-01-01,2022-12-31,18079544
3,Rveillon,2022-12-30,2023-01-01,2022-12-31,18079550
3,Rveillon,2022-12-30,2023-01-01,2022-12-31,18079555
3,Rveillon,2022-12-30,2023-01-01,2022-12-31,18079576
3,Rveillon,2022-12-30,2023-01-01,2022-12-31,18079582
3,Rveillon,2022-12-30,2023-01-01,2022-12-31,18079587
3,Rveillon,2022-12-30,2023-01-01,2023-01-01,18079594
3,Rveillon,2022-12-30,2023-01-01,2023-01-01,18079601
3,Rveillon,2022-12-30,2023-01-01,2023-01-01,18079604
3,Rveillon,2022-12-30,2023-01-01,2023-01-01,18079605
3,Rveillon,2022-12-30,2023-01-01,2023-01-01,18079614
3,Rveillon,2022-12-30,2023-01-01,2023-01-01,18079616
3,Rveillon,2022-12-30,2023-01-01,2023-01-01,18079620
3,Rveillon,2022-12-30,2023-01-01,2023-01-01,18079621
3,Rveillon,2022-12-30,2023-01-01,2023-01-01,18079622
3,Rveillon,2022-12-30,2023-01-01,2023-01-01,18079623
3,Rveillon,2022-12-30,2023-01-01,2023-01-01,18079624
3,Rveillon,2022-12-30,2023-01-01,2023-01-01,18079626
3,Rveillon,2022-12-30,2023-01-01,2023-01-01,18079629
3,Rveillon,2022-12-30,2023-01-01,2023-01-01,18079630
3,Rveillon,2022-12-30,2023-01-01,2023-01-01,18079637
3,Rveillon,2022-12-30,2023-01-01,2023-01-01,18079648
3,Rveillon,2022-12-30,2023-01-01,2023-01-01,18079649
3,Rveillon,2022-12-30,2023-01-01,2023-01-01,18079653
3,Rveillon,2022-12-30,2023-01-01,2023-01-01,18079656
3,Rveillon,2022-12-30,2023-01-01,2023-01-01,18079658
3,Rveillon,2022-12-30,2023-01-01,2023-01-01,18079664
3,Rveillon,2022-12-30,2023-01-01,2023-01-01,18079707
3,Rveillon,2022-12-30,2023-01-01,2023-01-01,18079733
3,Rveillon,2022-12-30,2023-01-01,2023-01-01,18079782
3,Rveillon,2022-12-30,2023-01-01,2023-01-01,18079858
3,Rveillon,2022-12-30,2023-01-01,2023-01-01,18079879
3,Rveillon,2022-12-30,2023-01-01,2023-01-01,18079895
3,Rveillon,2022-12-30,2023-01-01,2023-01-01,18079926
3,Rveillon,2022-12-30,2023-01-01,2023-01-01,18079970
3,Rveillon,2022-12-30,2023-01-01,2023-01-01,18079972
3,Rveillon,2022-12-30,2023-01-01,2023-01-01,18080032
3,Rveillon,2022-12-30,2023-01-01,2023-01-01,18080035
3,Rveillon,2022-12-30,2023-01-01,2023-01-01,18080041
3,Rveillon,2022-12-30,2023-01-01,2023-01-01,18080062
3,Rveillon,2022-12-30,2023-01-01,2023-01-01,18080090
3,Rveillon,2022-12-30,2023-01-01,2023-01-01,18080115
3,Rveillon,2022-12-30,2023-01-01,2023-01-01,18080124
3,Rveillon,2022-12-30,2023-01-01,2023-01-01,18080145
3,Rveillon,2022-12-30,2023-01-01,2023-01-01,18080155
3,Rveillon,2022-12-30,2023-01-01,2023-01-01,18080165
3,Rveillon,2022-12-30,2023-01-01,2023-01-01,18080180
3,Rveillon,2022-12-30,2023-01-01,2023-01-01,18080189
3,Rveillon,2022-12-30,2023-01-01,2023-01-01,18080190
3,Rveillon,2022-12-30,2023-01-01,2023-01-01,18080195
3,Rveillon,2022-12-30,2023-01-01,2023-01-01,18080205
3,Rveillon,2022-12-30,2023-01-01,2023-01-01,18080238
3,Rveillon,2022-12-30,2023-01-01,2023-01-01,18080258
3,Rveillon,2022-12-30,2023-01-01,2023-01-01,18080267
3,Rveillon,2022-12-30,2023-01-01,2023-01-01,18080269
3,Rveillon,2022-12-30,2023-01-01,2023-01-01,18080295
3,Rveillon,2022-12-30,2023-01-01,2023-01-01,18080307
3,Rveillon,2022-12-30,2023-01-01,2023-01-01,18080319
3,Rveillon,2022-12-30,2023-01-01,2023-01-01,18080330
3,Rveillon,2022-12-30,2023-01-01,2023-01-01,18080335
3,Rveillon,2022-12-30,2023-01-01,2023-01-01,18080337
3,Rveillon,2022-12-30,2023-01-01,2023-01-01,18080341
3,Rveillon,2022-12-30,2023-01-01,2023-01-01,18080382
3,Rveillon,2022-12-30,2023-01-01,2023-01-01,18080391
3,Rveillon,2022-12-30,2023-01-01,2023-01-01,18080392
4,Carnaval,2023-02-18,2023-02-21,2023-02-18,18327456
4,Carnaval,2023-02-18,2023-02-21,2023-02-18,18327467
4,Carnaval,2023-02-18,2023-02-21,2023-02-18,18327486
4,Carnaval,2023-02-18,2023-02-21,2023-02-18,18327522
4,Carnaval,2023-02-18,2023-02-21,2023-02-18,18327530
4,Carnaval,2023-02-18,2023-02-21,2023-02-18,18327558
4,Carnaval,2023-02-18,2023-02-21,2023-02-18,18327583
4,Carnaval,2023-02-18,2023-02-21,2023-02-18,18327681
4,Carnaval,2023-02-18,2023-02-21,2023-02-18,18327692
4,Carnaval,2023-02-18,2023-02-21,2023-02-18,18327706
4,Carnaval,2023-02-18,2023-02-21,2023-02-18,18327719
4,Carnaval,2023-02-18,2023-02-21,2023-02-18,18327808
4,Carnaval,2023-02-18,2023-02-21,2023-02-18,18327812
4,Carnaval,2023-02-18,2023-02-21,2023-02-18,18327854
4,Carnaval,2023-02-18,2023-02-21,2023-02-18,18327868
4,Carnaval,2023-02-18,2023-02-21,2023-02-18,18327948
4,Carnaval,2023-02-18,2023-02-21,2023-02-18,18327981
4,Carnaval,2023-02-18,2023-02-21,2023-02-18,18328035
4,Carnaval,2023-02-18,2023-02-21,2023-02-18,18328048
4,Carnaval,2023-02-18,2023-02-21,2023-02-18,18328279
4,Carnaval,2023-02-18,2023-02-21,2023-02-18,18328417
4,Carnaval,2023-02-18,2023-02-21,2023-02-18,18328421
4,Carnaval,2023-02-18,2023-02-21,2023-02-18,18328428
4,Carnaval,2023-02-18,2023-02-21,2023-02-18,18328436
4,Carnaval,2023-02-18,2023-02-21,2023-02-18,18328508
4,Carnaval,2023-02-18,2023-02-21,2023-02-18,18328534
4,Carnaval,2023-02-18,2023-02-21,2023-02-18,18328550
4,Carnaval,2023-02-18,2023-02-21,2023-02-18,18328631
4,Carnaval,2023-02-18,2023-02-21,2023-02-18,18328665
4,Carnaval,2023-02-18,2023-02-21,2023-02-18,18328697
4,Carnaval,2023-02-18,2023-02-21,2023-02-18,18328714
4,Carnaval,2023-02-18,2023-02-21,2023-02-18,18328730
4,Carnaval,2023-02-18,2023-02-21,2023-02-18,18328809
4,Carnaval,2023-02-18,2023-02-21,2023-02-18,18328873
4,Carnaval,2023-02-18,2023-02-21,2023-02-18,18328889
4,Carnaval,2023-02-18,2023-02-21,2023-02-18,18328925
4,Carnaval,2023-02-18,2023-02-21,2023-02-18,18328955
4,Carnaval,2023-02-18,2023-02-21,2023-02-18,18328957
4,Carnaval,2023-02-18,2023-02-21,2023-02-18,18328998
4,Carnaval,2023-02-18,2023-02-21,2023-02-18,18329017
4,Carnaval,2023-02-18,2023-02-21,2023-02-18,18329041
4,Carnaval,2023-02-18,2023-02-21,2023-02-18,18329042
4,Carnaval,2023-02-18,2023-02-21,2023-02-18,18329043
4,Carnaval,2023-02-18,2023-02-21,2023-02-18,18329191
4,Carnaval,2023-02-18,2023-02-21,2023-02-18,18329201
4,Carnaval,2023-02-18,2023-02-21,2023-02-18,18329258
4,Carnaval,2023-02-18,2023-02-21,2023-02-18,18329291
4,Carnaval,2023-02-18,2023-02-21,2023-02-18,18329312
4,Carnaval,2023-02-18,2023-02-21,2023-02-18,18329324
4,Carnaval,2023-02-18,2023-02-21,2023-02-18,18329408
4,Carnaval,2023-02-18,2023-02-21,2023-02-18,18329409
4,Carnaval,2023-02-18,2023-02-21,2023-02-18,18329415
4,Carnaval,2023-02-18,2023-02-21,2023-02-18,18329445
4,Carnaval,2023-02-18,2023-02-21,2023-02-18,18329482
4,Carnaval,2023-02-18,2023-02-21,2023-02-18,18329490
4,Carnaval,2023-02-18,2023-02-21,2023-02-18,18329531
4,Carnaval,2023-02-18,2023-02-21,2023-02-18,18329561
4,Carnaval,2023-02-18,2023-02-21,2023-02-18,18329570
4,Carnaval,2023-02-18,2023-02-21,2023-02-18,18329572
4,Carnaval,2023-02-18,2023-02-21,2023-02-18,18329574
4,Carnaval,2023-02-18,2023-02-21,2023-02-18,18329577
4,Carnaval,2023-02-18,2023-02-21,2023-02-18,18329578
4,Carnaval,2023-02-18,2023-02-21,2023-02-18,18329586
4,Carnaval,2023-02-18,2023-02-21,2023-02-18,18329593
4,Carnaval,2023-02-18,2023-02-21,2023-02-18,18329603
4,Carnaval,2023-02-18,2023-02-21,2023-02-18,18329615
4,Carnaval,2023-02-18,2023-02-21,2023-02-18,18329617
4,Carnaval,2023-02-18,2023-02-21,2023-02-18,18329623
4,Carnaval,2023-02-18,2023-02-21,2023-02-18,18329624
4,Carnaval,2023-02-18,2023-02-21,2023-02-18,18329627
4,Carnaval,2023-02-18,2023-02-21,2023-02-18,18329632
4,Carnaval,2023-02-18,2023-02-21,2023-02-18,18329637
4,Carnaval,2023-02-18,2023-02-21,2023-02-18,18329654
4,Carnaval,2023-02-18,2023-02-21,2023-02-18,18329659
4,Carnaval,2023-02-18,2023-02-21,2023-02-18,18329661
4,Carnaval,2023-02-18,2023-02-21,2023-02-18,18329670
4,Carnaval,2023-02-18,2023-02-21,2023-02-18,18329683
4,Carnaval,2023-02-18,2023-02-21,2023-02-19,18329699
4,Carnaval,2023-02-18,2023-02-21,2023-02-19,18329727
4,Carnaval,2023-02-18,2023-02-21,2023-02-19,18329734
4,Carnaval,2023-02-18,2023-02-21,2023-02-19,18329735
4,Carnaval,2023-02-18,2023-02-21,2023-02-19,18329741
4,Carnaval,2023-02-18,2023-02-21,2023-02-19,18329774
4,Carnaval,2023-02-18,2023-02-21,2023-02-19,18329795
4,Carnaval,2023-02-18,2023-02-21,2023-02-19,18329817
4,Carnaval,2023-02-18,2023-02-21,2023-02-19,18329819
4,Carnaval,2023-02-18,2023-02-21,2023-02-19,18329833
4,Carnaval,2023-02-18,2023-02-21,2023-02-19,18329840
4,Carnaval,2023-02-18,2023-02-21,2023-02-19,18329881
4,Carnaval,2023-02-18,2023-02-21,2023-02-19,18329906
4,Carnaval,2023-02-18,2023-02-21,2023-02-19,18329958
4,Carnaval,2023-02-18,2023-02-21,2023-02-19,18329965
4,Carnaval,2023-02-18,2023-02-21,2023-02-19,18329967
4,Carnaval,2023-02-18,2023-02-21,2023-02-19,18329999
4,Carnaval,2023-02-18,2023-02-21,2023-02-19,18330105
4,Carnaval,2023-02-18,2023-02-21,2023-02-19,18330116
4,Carnaval,2023-02-18,2023-02-21,2023-02-19,18330160
4,Carnaval,2023-02-18,2023-02-21,2023-02-19,18330287
4,Carnaval,2023-02-18,2023-02-21,2023-02-19,18330300
4,Carnaval,2023-02-18,2023-02-21,2023-02-19,18330318
4,Carnaval,2023-02-18,2023-02-21,2023-02-19,18330333
4,Carnaval,2023-02-18,2023-02-21,2023-02-19,18330343
4,Carnaval,2023-02-18,2023-02-21,2023-02-19,18330346
4,Carnaval,2023-02-18,2023-02-21,2023-02-19,18330353
4,Carnaval,2023-02-18,2023-02-21,2023-02-19,18330384
4,Carnaval,2023-02-18,2023-02-21,2023-02-19,18330386
4,Carnaval,2023-02-18,2023-02-21,2023-02-19,18330400
4,Carnaval,2023-02-18,2023-02-21,2023-02-19,18330439
4,Carnaval,2023-02-18,2023-02-21,2023-02-19,18330474
4,Carnaval,2023-02-18,2023-02-21,2023-02-19,18330571
4,Carnaval,2023-02-18,2023-02-21,2023-02-19,18330613
4,Carnaval,2023-02-18,2023-02-21,2023-02-19,18330619
4,Carnaval,2023-02-18,2023-02-21,2023-02-19,18330635
4,Carnaval,2023-02-18,2023-02-21,2023-02-19,18330645
4,Carnaval,2023-02-18,2023-02-21,2023-02-19,18330689
4,Carnaval,2023-02-18,2023-02-21,2023-02-19,18330701
4,Carnaval,2023-02-18,2023-02-21,2023-02-19,18330716
4,Carnaval,2023-02-18,2023-02-21,2023-02-19,18330735
4,Carnaval,2023-02-18,2023-02-21,2023-02-19,18330751
4,Carnaval,2023-02-18,2023-02-21,2023-02-19,18330752
4,Carnaval,2023-02-18,2023-02-21,2023-02-19,18330802
4,Carnaval,2023-02-18,2023-02-21,2023-02-19,18330822
4,Carnaval,2023-02-18,2023-02-21,2023-02-19,18330870
4,Carnaval,2023-02-18,2023-02-21,2023-02-19,18330875
4,Carnaval,2023-02-18,2023-02-21,2023-02-19,18330923
4,Carnaval,2023-02-18,2023-02-21,2023-02-19,18330924
4,Carnaval,2023-02-18,2023-02-21,2023-02-19,18330948
4,Carnaval,2023-02-18,2023-02-21,2023-02-19,18330949
4,Carnaval,2023-02-18,2023-02-21,2023-02-19,18330954
4,Carnaval,2023-02-18,2023-02-21,2023-02-19,18330963
4,Carnaval,2023-02-18,2023-02-21,2023-02-19,18330967
4,Carnaval,2023-02-18,2023-02-21,2023-02-19,18330978
4,Carnaval,2023-02-18,2023-02-21,2023-02-19,18330996
4,Carnaval,2023-02-18,2023-02-21,2023-02-19,18330997
4,Carnaval,2023-02-18,2023-02-21,2023-02-19,18331011
4,Carnaval,2023-02-18,2023-02-21,2023-02-19,18331051
4,Carnaval,2023-02-18,2023-02-21,2023-02-19,18331074
4,Carnaval,2023-02-18,2023-02-21,2023-02-19,18331081
4,Carnaval,2023-02-18,2023-02-21,2023-02-19,18331086
4,Carnaval,2023-02-18,2023-02-21,2023-02-19,18331087
4,Carnaval,2023-02-18,2023-02-21,2023-02-19,18331095
4,Carnaval,2023-02-18,2023-02-21,2023-02-19,18331102
4,Carnaval,2023-02-18,2023-02-21,2023-02-19,18331103
4,Carnaval,2023-02-18,2023-02-21,2023-02-19,18331110
4,Carnaval,2023-02-18,2023-02-21,2023-02-19,18331114
4,Carnaval,2023-02-18,2023-02-21,2023-02-19,18331115
4,Carnaval,2023-02-18,2023-02-21,2023-02-19,18331116
4,Carnaval,2023-02-18,2023-02-21,2023-02-19,18331117
4,Carnaval,2023-02-18,2023-02-21,2023-02-19,18331146
4,Carnaval,2023-02-18,2023-02-21,2023-02-19,18331149
4,Carnaval,2023-02-18,2023-02-21,2023-02-19,18331151
4,Carnaval,2023-02-18,2023-02-21,2023-02-19,18331154
4,Carnaval,2023-02-18,2023-02-21,2023-02-19,18331158
4,Carnaval,2023-02-18,2023-02-21,2023-02-19,18331162
4,Carnaval,2023-02-18,2023-02-21,2023-02-19,18331168
4,Carnaval,2023-02-18,2023-02-21,2023-02-19,18331193
4,Carnaval,2023-02-18,2023-02-21,2023-02-19,18331197
4,Carnaval,2023-02-18,2023-02-21,2023-02-19,18331204
4,Carnaval,2023-02-18,2023-02-21,2023-02-19,18331212
4,Carnaval,2023-02-18,2023-02-21,2023-02-19,18331222
4,Carnaval,2023-02-18,2023-02-21,2023-02-19,18331223
4,Carnaval,2023-02-18,2023-02-21,2023-02-19,18331227
4,Carnaval,2023-02-18,2023-02-21,2023-02-19,18331231
4,Carnaval,2023-02-18,2023-02-21,2023-02-19,18331251
4,Carnaval,2023-02-18,2023-02-21,2023-02-19,18331255
4,Carnaval,2023-02-18,2023-02-21,2023-02-19,18331258
4,Carnaval,2023-02-18,2023-02-21,2023-02-19,18331259
4,Carnaval,2023-02-18,2023-02-21,2023-02-19,18331261
4,Carnaval,2023-02-18,2023-02-21,2023-02-20,18331275
4,Carnaval,2023-02-18,2023-02-21,2023-02-20,18331281
4,Carnaval,2023-02-18,2023-02-21,2023-02-20,18331283
4,Carnaval,2023-02-18,2023-02-21,2023-02-20,18331287
4,Carnaval,2023-02-18,2023-02-21,2023-02-20,18331291
4,Carnaval,2023-02-18,2023-02-21,2023-02-20,18331295
4,Carnaval,2023-02-18,2023-02-21,2023-02-20,18331317
4,Carnaval,2023-02-18,2023-02-21,2023-02-20,18331319
4,Carnaval,2023-02-18,2023-02-21,2023-02-20,18331320
4,Carnaval,2023-02-18,2023-02-21,2023-02-20,18331360
4,Carnaval,2023-02-18,2023-02-21,2023-02-20,18331512
4,Carnaval,2023-02-18,2023-02-21,2023-02-20,18331532
4,Carnaval,2023-02-18,2023-02-21,2023-02-20,18331560
4,Carnaval,2023-02-18,2023-02-21,2023-02-20,18331953
4,Carnaval,2023-02-18,2023-02-21,2023-02-20,18332075
4,Carnaval,2023-02-18,2023-02-21,2023-02-20,18332379
4,Carnaval,2023-02-18,2023-02-21,2023-02-20,18332434
4,Carnaval,2023-02-18,2023-02-21,2023-02-20,18332453
4,Carnaval,2023-02-18,2023-02-21,2023-02-20,18332454
4,Carnaval,2023-02-18,2023-02-21,2023-02-20,18332630
4,Carnaval,2023-02-18,2023-02-21,2023-02-20,18332726
4,Carnaval,2023-02-18,2023-02-21,2023-02-20,18332734
4,Carnaval,2023-02-18,2023-02-21,2023-02-20,18332736
4,Carnaval,2023-02-18,2023-02-21,2023-02-20,18332750
4,Carnaval,2023-02-18,2023-02-21,2023-02-20,18332827
4,Carnaval,2023-02-18,2023-02-21,2023-02-20,18332866
4,Carnaval,2023-02-18,2023-02-21,2023-02-20,18332881
4,Carnaval,2023-02-18,2023-02-21,2023-02-20,18332938
4,Carnaval,2023-02-18,2023-02-21,2023-02-20,18333025
4,Carnaval,2023-02-18,2023-02-21,2023-02-20,18333037
4,Carnaval,2023-02-18,2023-02-21,2023-02-20,18333097
4,Carnaval,2023-02-18,2023-02-21,2023-02-20,18333126
4,Carnaval,2023-02-18,2023-02-21,2023-02-20,18333135
4,Carnaval,2023-02-18,2023-02-21,2023-02-20,18333152
4,Carnaval,2023-02-18,2023-02-21,2023-02-20,18333154
4,Carnaval,2023-02-18,2023-02-21,2023-02-20,18333161
4,Carnaval,2023-02-18,2023-02-21,2023-02-20,18333175
4,Carnaval,2023-02-18,2023-02-21,2023-02-20,18333177
4,Carnaval,2023-02-18,2023-02-21,2023-02-21,18333181
4,Carnaval,2023-02-18,2023-02-21,2023-02-21,18333193
4,Carnaval,2023-02-18,2023-02-21,2023-02-21,18333196
4,Carnaval,2023-02-18,2023-02-21,2023-02-21,18333199
4,Carnaval,2023-02-18,2023-02-21,2023-02-21,18333207
4,Carnaval,2023-02-18,2023-02-21,2023-02-21,18333215
4,Carnaval,2023-02-18,2023-02-21,2023-02-21,18333225
4,Carnaval,2023-02-18,2023-02-21,2023-02-21,18333228
4,Carnaval,2023-02-18,2023-02-21,2023-02-21,18333244
4,Carnaval,2023-02-18,2023-02-21,2023-02-21,18333245
4,Carnaval,2023-02-18,2023-02-21,2023-02-21,18333284
4,Carnaval,2023-02-18,2023-02-21,2023-02-21,18333409
4,Carnaval,2023-02-18,2023-02-21,2023-02-21,18333430
4,Carnaval,2023-02-18,2023-02-21,2023-02-21,18333437
4,Carnaval,2023-02-18,2023-02-21,2023-02-21,18333449
4,Carnaval,2023-02-18,2023-02-21,2023-02-21,18333561
4,Carnaval,2023-02-18,2023-02-21,2023-02-21,18333565
4,Carnaval,2023-02-18,2023-02-21,2023-02-21,18333678
4,Carnaval,2023-02-18,2023-02-21,2023-02-21,18333726
4,Carnaval,2023-02-18,2023-02-21,2023-02-21,18333739
4,Carnaval,2023-02-18,2023-02-21,2023-02-21,18333877
4,Carnaval,2023-02-18,2023-02-21,2023-02-21,18333985
4,Carnaval,2023-02-18,2023-02-21,2023-02-21,18334033
4,Carnaval,2023-02-18,2023-02-21,2023-02-21,18334074
4,Carnaval,2023-02-18,2023-02-21,2023-02-21,18334112
4,Carnaval,2023-02-18,2023-02-21,2023-02-21,18334159
4,Carnaval,2023-02-18,2023-02-21,2023-02-21,18334165
4,Carnaval,2023-02-18,2023-02-21,2023-02-21,18334204
4,Carnaval,2023-02-18,2023-02-21,2023-02-21,18334223
4,Carnaval,2023-02-18,2023-02-21,2023-02-21,18334227
4,Carnaval,2023-02-18,2023-02-21,2023-02-21,18334270
4,Carnaval,2023-02-18,2023-02-21,2023-02-21,18334272
4,Carnaval,2023-02-18,2023-02-21,2023-02-21,18334310
4,Carnaval,2023-02-18,2023-02-21,2023-02-21,18334315
4,Carnaval,2023-02-18,2023-02-21,2023-02-21,18334332
4,Carnaval,2023-02-18,2023-02-21,2023-02-21,18334341
4,Carnaval,2023-02-18,2023-02-21,2023-02-21,18334415
4,Carnaval,2023-02-18,2023-02-21,2023-02-21,18334443
4,Carnaval,2023-02-18,2023-02-21,2023-02-21,18334487
4,Carnaval,2023-02-18,2023-02-21,2023-02-21,18334550
4,Carnaval,2023-02-18,2023-02-21,2023-02-21,18334660
4,Carnaval,2023-02-18,2023-02-21,2023-02-21,18334673
4,Carnaval,2023-02-18,2023-02-21,2023-02-21,18334681
4,Carnaval,2023-02-18,2023-02-21,2023-02-21,18334715
4,Carnaval,2023-02-18,2023-02-21,2023-02-21,18334721
4,Carnaval,2023-02-18,2023-02-21,2023-02-21,18334727
9,Rveillon,2024-12-29,2025-01-01,2024-12-29,21264945
9,Rveillon,2024-12-29,2025-01-01,2024-12-29,21264951
9,Rveillon,2024-12-29,2025-01-01,2024-12-29,21264952
9,Rveillon,2024-12-29,2025-01-01,2024-12-29,21264957
9,Rveillon,2024-12-29,2025-01-01,2024-12-29,21264961
9,Rveillon,2024-12-29,2025-01-01,2024-12-29,21264970
9,Rveillon,2024-12-29,2025-01-01,2024-12-29,21264974
9,Rveillon,2024-12-29,2025-01-01,2024-12-29,21264976
9,Rveillon,2024-12-29,2025-01-01,2024-12-29,21264984
9,Rveillon,2024-12-29,2025-01-01,2024-12-29,21264986
9,Rveillon,2024-12-29,2025-01-01,2024-12-29,21264995
9,Rveillon,2024-12-29,2025-01-01,2024-12-29,21264998
9,Rveillon,2024-12-29,2025-01-01,2024-12-29,21264999
9,Rveillon,2024-12-29,2025-01-01,2024-12-29,21265003
9,Rveillon,2024-12-29,2025-01-01,2024-12-29,21265010
9,Rveillon,2024-12-29,2025-01-01,2024-12-29,21265055
9,Rveillon,2024-12-29,2025-01-01,2024-12-29,21265242
9,Rveillon,2024-12-29,2025-01-01,2024-12-29,21265259
9,Rveillon,2024-12-29,2025-01-01,2024-12-29,21265265
9,Rveillon,2024-12-29,2025-01-01,2024-12-29,21265275
9,Rveillon,2024-12-29,2025-01-01,2024-12-29,21265287
9,Rveillon,2024-12-29,2025-01-01,2024-12-29,21265300
9,Rveillon,2024-12-29,2025-01-01,2024-12-29,21265312
9,Rveillon,2024-12-29,2025-01-01,2024-12-29,21265321
9,Rveillon,2024-12-29,2025-01-01,2024-12-29,21265416
9,Rveillon,2024-12-29,2025-01-01,2024-12-29,21265454
9,Rveillon,2024-12-29,2025-01-01,2024-12-29,21265460
9,Rveillon,2024-12-29,2025-01-01,2024-12-29,21265523
9,Rveillon,2024-12-29,2025-01-01,2024-12-29,21265535
9,Rveillon,2024-12-29,2025-01-01,2024-12-29,21265661
9,Rveillon,2024-12-29,2025-01-01,2024-12-29,21265727
9,Rveillon,2024-12-29,2025-01-01,2024-12-29,21265835
9,Rveillon,2024-12-29,2025-01-01,2024-12-29,21265866
9,Rveillon,2024-12-29,2025-01-01,2024-12-29,21265892
9,Rveillon,2024-12-29,2025-01-01,2024-12-29,21265944
9,Rveillon,2024-12-29,2025-01-01,2024-12-29,21265988
9,Rveillon,2024-12-29,2025-01-01,2024-12-29,21266042
9,Rveillon,2024-12-29,2025-01-01,2024-12-29,21266057
9,Rveillon,2024-12-29,2025-01-01,2024-12-29,21266071
9,Rveillon,2024-12-29,2025-01-01,2024-12-29,21266085
9,Rveillon,2024-12-29,2025-01-01,2024-12-29,21266163
9,Rveillon,2024-12-29,2025-01-01,2024-12-29,21266180
9,Rveillon,2024-12-29,2025-01-01,2024-12-29,21266202
9,Rveillon,2024-12-29,2025-01-01,2024-12-29,21266210
9,Rveillon,2024-12-29,2025-01-01,2024-12-29,21266258
9,Rveillon,2024-12-29,2025-01-01,2024-12-29,21266319
9,Rveillon,2024-12-29,2025-01-01,2024-12-29,21266322
9,Rveillon,2024-12-29,2025-01-01,2024-12-29,21266368
9,Rveillon,2024-12-29,2025-01-01,2024-12-29,21266404
9,Rveillon,2024-12-29,2025-01-01,2024-12-29,21266464
9,Rveillon,2024-12-29,2025-01-01,2024-12-29,21266560
9,Rveillon,2024-12-29,2025-01-01,2024-12-29,21266569
9,Rveillon,2024-12-29,2025-01-01,2024-12-29,21266612
9,Rveillon,2024-12-29,2025-01-01,2024-12-29,21266635
9,Rveillon,2024-12-29,2025-01-01,2024-12-29,21266642
9,Rveillon,2024-12-29,2025-01-01,2024-12-29,21266659
9,Rveillon,2024-12-29,2025-01-01,2024-12-29,21266784
9,Rveillon,2024-12-29,2025-01-01,2024-12-29,21266814
9,Rveillon,2024-12-29,2025-01-01,2024-12-29,21266817
9,Rveillon,2024-12-29,2025-01-01,2024-12-29,21266858
9,Rveillon,2024-12-29,2025-01-01,2024-12-29,21266875
9,Rveillon,2024-12-29,2025-01-01,2024-12-29,21266878
9,Rveillon,2024-12-29,2025-01-01,2024-12-29,21266884
9,Rveillon,2024-12-29,2025-01-01,2024-12-29,21266887
9,Rveillon,2024-12-29,2025-01-01,2024-12-29,21266892
9,Rveillon,2024-12-29,2025-01-01,2024-12-29,21266893
9,Rveillon,2024-12-29,2025-01-01,2024-12-29,21266901
9,Rveillon,2024-12-29,2025-01-01,2024-12-29,21266905
9,Rveillon,2024-12-29,2025-01-01,2024-12-29,21266907
9,Rveillon,2024-12-29,2025-01-01,2024-12-29,21266926
9,Rveillon,2024-12-29,2025-01-01,2024-12-29,21266941
9,Rveillon,2024-12-29,2025-01-01,2024-12-29,21266985
9,Rveillon,2024-12-29,2025-01-01,2024-12-30,21266990
9,Rveillon,2024-12-29,2025-01-01,2024-12-30,21267003
9,Rveillon,2024-12-29,2025-01-01,2024-12-30,21267006
9,Rveillon,2024-12-29,2025-01-01,2024-12-30,21267022
9,Rveillon,2024-12-29,2025-01-01,2024-12-30,21267029
9,Rveillon,2024-12-29,2025-01-01,2024-12-30,21267031
9,Rveillon,2024-12-29,2025-01-01,2024-12-30,21267035
9,Rveillon,2024-12-29,2025-01-01,2024-12-30,21267036
9,Rveillon,2024-12-29,2025-01-01,2024-12-30,21267039
9,Rveillon,2024-12-29,2025-01-01,2024-12-30,21267046
9,Rveillon,2024-12-29,2025-01-01,2024-12-30,21267050
9,Rveillon,2024-12-29,2025-01-01,2024-12-30,21267128
9,Rveillon,2024-12-29,2025-01-01,2024-12-30,21267218
9,Rveillon,2024-12-29,2025-01-01,2024-12-30,21267732
9,Rveillon,2024-12-29,2025-01-01,2024-12-30,21267900
9,Rveillon,2024-12-29,2025-01-01,2024-12-30,21268382
9,Rveillon,2024-12-29,2025-01-01,2024-12-30,21268513
9,Rveillon,2024-12-29,2025-01-01,2024-12-30,21269049
9,Rveillon,2024-12-29,2025-01-01,2024-12-30,21269170
9,Rveillon,2024-12-29,2025-01-01,2024-12-30,21269493
9,Rveillon,2024-12-29,2025-01-01,2024-12-30,21269496
9,Rveillon,2024-12-29,2025-01-01,2024-12-30,21269856
9,Rveillon,2024-12-29,2025-01-01,2024-12-30,21269907
9,Rveillon,2024-12-29,2025-01-01,2024-12-30,21270181
9,Rveillon,2024-12-29,2025-01-01,2024-12-30,21270184
9,Rveillon,2024-12-29,2025-01-01,2024-12-30,21270546
9,Rveillon,2024-12-29,2025-01-01,2024-12-30,21270607
9,Rveillon,2024-12-29,2025-01-01,2024-12-30,21270698
9,Rveillon,2024-12-29,2025-01-01,2024-12-30,21270701
9,Rveillon,2024-12-29,2025-01-01,2024-12-30,21270702
9,Rveillon,2024-12-29,2025-01-01,2024-12-30,21270708
9,Rveillon,2024-12-29,2025-01-01,2024-12-30,21270753
9,Rveillon,2024-12-29,2025-01-01,2024-12-30,21270767
9,Rveillon,2024-12-29,2025-01-01,2024-12-30,21270791
9,Rveillon,2024-12-29,2025-01-01,2024-12-31,21270813
9,Rveillon,2024-12-29,2025-01-01,2024-12-31,21270830
9,Rveillon,2024-12-29,2025-01-01,2024-12-31,21270836
9,Rveillon,2024-12-29,2025-01-01,2024-12-31,21270851
9,Rveillon,2024-12-29,2025-01-01,2024-12-31,21270857
9,Rveillon,2024-12-29,2025-01-01,2024-12-31,21270878
9,Rveillon,2024-12-29,2025-01-01,2024-12-31,21270913
9,Rveillon,2024-12-29,2025-01-01,2024-12-31,21270929
9,Rveillon,2024-12-29,2025-01-01,2024-12-31,21270936
9,Rveillon,2024-12-29,2025-01-01,2024-12-31,21270987
9,Rveillon,2024-12-29,2025-01-01,2024-12-31,21271308
9,Rveillon,2024-12-29,2025-01-01,2024-12-31,21271449
9,Rveillon,2024-12-29,2025-01-01,2024-12-31,21271477
9,Rveillon,2024-12-29,2025-01-01,2024-12-31,21271584
9,Rveillon,2024-12-29,2025-01-01,2024-12-31,21271601
9,Rveillon,2024-12-29,2025-01-01,2024-12-31,21271619
9,Rveillon,2024-12-29,2025-01-01,2024-12-31,21271713
9,Rveillon,2024-12-29,2025-01-01,2024-12-31,21271830
9,Rveillon,2024-12-29,2025-01-01,2024-12-31,21271915
9,Rveillon,2024-12-29,2025-01-01,2024-12-31,21271936
9,Rveillon,2024-12-29,2025-01-01,2024-12-31,21272006
9,Rveillon,2024-12-29,2025-01-01,2024-12-31,21272139
9,Rveillon,2024-12-29,2025-01-01,2024-12-31,21272225
9,Rveillon,2024-12-29,2025-01-01,2024-12-31,21272253
9,Rveillon,2024-12-29,2025-01-01,2024-12-31,21272261
9,Rveillon,2024-12-29,2025-01-01,2024-12-31,21272345
9,Rveillon,2024-12-29,2025-01-01,2024-12-31,21272364
9,Rveillon,2024-12-29,2025-01-01,2025-01-01,21272461
9,Rveillon,2024-12-29,2025-01-01,2025-01-01,21272463
9,Rveillon,2024-12-29,2025-01-01,2025-01-01,21272486
9,Rveillon,2024-12-29,2025-01-01,2025-01-01,21272510
9,Rveillon,2024-12-29,2025-01-01,2025-01-01,21272511
9,Rveillon,2024-12-29,2025-01-01,2025-01-01,21272513
9,Rveillon,2024-12-29,2025-01-01,2025-01-01,21272517
9,Rveillon,2024-12-29,2025-01-01,2025-01-01,21272519
9,Rveillon,2024-12-29,2025-01-01,2025-01-01,21272530
9,Rveillon,2024-12-29,2025-01-01,2025-01-01,21272533
9,Rveillon,2024-12-29,2025-01-01,2025-01-01,21272534
9,Rveillon,2024-12-29,2025-01-01,2025-01-01,21272535
9,Rveillon,2024-12-29,2025-01-01,2025-01-01,21272537
9,Rveillon,2024-12-29,2025-01-01,2025-01-01,21272539
9,Rveillon,2024-12-29,2025-01-01,2025-01-01,21272548
9,Rveillon,2024-12-29,2025-01-01,2025-01-01,21272550
9,Rveillon,2024-12-29,2025-01-01,2025-01-01,21272552
9,Rveillon,2024-12-29,2025-01-01,2025-01-01,21272632
9,Rveillon,2024-12-29,2025-01-01,2025-01-01,21272752
9,Rveillon,2024-12-29,2025-01-01,2025-01-01,21272797
9,Rveillon,2024-12-29,2025-01-01,2025-01-01,21272799
9,Rveillon,2024-12-29,2025-01-01,2025-01-01,21272925
9,Rveillon,2024-12-29,2025-01-01,2025-01-01,21272938
9,Rveillon,2024-12-29,2025-01-01,2025-01-01,21272946
9,Rveillon,2024-12-29,2025-01-01,2025-01-01,21272950
9,Rveillon,2024-12-29,2025-01-01,2025-01-01,21272980
9,Rveillon,2024-12-29,2025-01-01,2025-01-01,21272999
9,Rveillon,2024-12-29,2025-01-01,2025-01-01,21273004
9,Rveillon,2024-12-29,2025-01-01,2025-01-01,21273054
9,Rveillon,2024-12-29,2025-01-01,2025-01-01,21273094
9,Rveillon,2024-12-29,2025-01-01,2025-01-01,21273183
9,Rveillon,2024-12-29,2025-01-01,2025-01-01,21273189
9,Rveillon,2024-12-29,2025-01-01,2025-01-01,21273217
9,Rveillon,2024-12-29,2025-01-01,2025-01-01,21273242
9,Rveillon,2024-12-29,2025-01-01,2025-01-01,21273243
9,Rveillon,2024-12-29,2025-01-01,2025-01-01,21273335
9,Rveillon,2024-12-29,2025-01-01,2025-01-01,21273344
9,Rveillon,2024-12-29,2025-01-01,2025-01-01,21273431
9,Rveillon,2024-12-29,2025-01-01,2025-01-01,21273516
9,Rveillon,2024-12-29,2025-01-01,2025-01-01,21273533
9,Rveillon,2024-12-29,2025-01-01,2025-01-01,21273558
9,Rveillon,2024-12-29,2025-01-01,2025-01-01,21273576
9,Rveillon,2024-12-29,2025-01-01,2025-01-01,21273580
9,Rveillon,2024-12-29,2025-01-01,2025-01-01,21273584
9,Rveillon,2024-12-29,2025-01-01,2025-01-01,21273597
